id,smiles,label,category,subcategory,parent_smiles,edited_atoms,scaffold,split,mw,logp,qed,heavy_atoms,smiles_length
subcategory_bioisostere.add-N_222,COc1cc2c(Nc3cccc(I)c3)ncnc2cc1ON,1,bioisostere,add-N,COc1cc2ncnc(Nc3cccc(I)c3)c2cc1OC,1,c1ccc(Nc2ncnc3ccccc23)cc1,train,408.1990000000001,3.2391000000000014,0.5097691163806208,22,32
subcategory_bioisostere.add-N_182,CCc1cc2c(s1)Nc1ccccc1C(N(C)CCN(C)CCN(C)C)=N2,1,bioisostere,add-N,CCc1cc2c(s1)Nc1ccccc1C(N1CCN(C)CC1)=N2,0 1 2 3 4 5 6 7 8 9 11,c1ccc2c(c1)Nc1sccc1N=C2N1CCNCC1,train,385.58100000000024,3.871000000000004,0.7844929340249951,27,44
subcategory_bioisostere.add-N_112,Nc1nc(O)c2c(Sc3ccc4ccccc4c3)cccc2n1,0,authentic,authentic,,,c1ccc2cc(Sc3cccc4ncncc34)ccc2c1,val,319.389,4.222000000000002,0.5785163571884638,23,35
subcategory_bioisostere.add-N_157,CC1=CC(=O)N(C(=O)NCCc2ccc(S(=O)(=O)NC(=O)NC3CCCCC3)cc2)C1,0,authentic,authentic,,,O=C(NC1CCCCC1)NS(=O)(=O)c1ccc(CCNC(=O)N2CC=CC2=O)cc1,train,448.5450000000003,2.047799999999999,0.6142877162009525,31,57
subcategory_bioisostere.add-N_99,CNS(=O)(=O)Cc1ccc2[nH]cc(CCN(C)C)c2c1,0,authentic,authentic,,,c1ccc2[nH]ccc2c1,train,295.408,1.3211999999999997,0.8445712183265353,20,37
subcategory_bioisostere.add-N_12,COc1ccc2nc(S(=O)Cc3cc(N(C)C)c(Cl)cn3)[nH]c2c1,0,authentic,authentic,,,O=S(Cc1ccccn1)c1nc2ccccc2[nH]1,train,364.85800000000006,2.9937000000000005,0.7531421054168236,24,45
subcategory_bioisostere.add-N_114,C=C1CC(CCCCCCCCCCC)OC1=O,0,authentic,authentic,,,C=C1CCOC1=O,val,252.39799999999994,4.779000000000004,0.3176046626460393,18,24
subcategory_bioisostere.add-N_47,COc1ccc2nc(S(=O)Cc3ncc(C)cc3C)[nH]c2c1,0,authentic,authentic,,,O=S(Cc1ccccn1)c1nc2ccccc2[nH]1,train,315.398,2.891140000000001,0.8036077287280062,22,38
subcategory_bioisostere.add-N_256,CC(=O)c1cnc2c(c1)CCc1cc(Cl)ccc1C2=C(C)CCN(CN)C(C)=O,1,bioisostere,add-N,CC(=O)c1cnc2c(c1)CCc1cc(Cl)ccc1C2=C1CCN(C(C)=O)CC1,0 1 2 3 4 5 6 7 8 10,c1ccc2c(c1)CCc1cccnc1C2=C1CCNCC1,train,411.9330000000003,4.012800000000003,0.5952401390546308,29,51
subcategory_bioisostere.add-N_134,CCCCC1=C(c2ccc(-c3ccccc3-c3nn[nH]n3)cc2)C(=O)N2C(=NC(=O)C2(C)C)N1C,0,authentic,authentic,,,O=C1CN2C(=O)C(c3ccc(-c4ccccc4-c4nn[nH]n4)cc3)=CNC2=N1,train,469.5490000000002,3.8838000000000035,0.5870066192060692,35,66
subcategory_bioisostere.add-N_1,CCOC(=O)O[C@]1(C(=O)CO)CC[C@H]2[C@@H]3CCC4=CC(=O)C=C[C@]4(C)[C@H]3[C@@H](O)C[C@@]21C,0,authentic,authentic,,,O=C1C=CC2C(=C1)CC[C@H]1[C@@H]3CCCC3CC[C@H]21,train,432.51300000000015,2.7384000000000013,0.657383480810711,31,84
subcategory_bioisostere.add-N_229,COc1cc2nc(N3CCC(CCN)CC3)nc(N)c2cc1OC,1,bioisostere,add-N,COc1cc2nc(N3CCC(C(=O)NCc4ccccc4)CC3)nc(N)c2cc1OC,2 3,O=C(NCc1ccccc1)C1CCN(c2ncc3ccccc3n2)CC1,test,331.4200000000001,1.7944000000000002,0.8613474693845937,24,36
subcategory_bioisostere.add-N_251,CN(C)c1ccc2c(c1)C(=O)Cc1cc(F)ccc1O2,1,bioisostere,add-N,O=C(O)Cc1ccc2c(c1)C(=O)Cc1cc(F)ccc1O2,1 2 3,O=C1Cc2ccccc2Oc2ccccc21,val,271.29099999999994,3.4228000000000023,0.7955659219329918,20,35
subcategory_bioisostere.add-N_101,CCC1=C(C)CN(C(=O)NCCc2cccc(S(N)(=O)=O)c2)C1=O,0,authentic,authentic,,,O=C1C=CCN1C(=O)NCCc1ccccc1,train,351.4280000000001,1.1547999999999998,0.8290704135695508,24,45
subcategory_bioisostere.add-N_271,C=C(c1ccccc1Cl)c1c(NC(=O)CC#N)ccc([N+](=O)[O-])c1F,1,bioisostere,add-N,C=C(c1ccccc1Cl)c1c(NC(=O)C(C)C)ccc([N+](=O)[O-])c1F,3,C=C(c1ccccc1)c1ccccc1,train,359.744,4.300980000000002,0.6353725065309358,25,50
subcategory_bioisostere.add-N_205,CC(C#N)C(=O)NCCNCC(O)COC(=O)c1ccccc1F,1,bioisostere,add-N,CC(C)C(=O)NCCNCC(O)COC(=O)c1ccccc1F,2,c1ccccc1,train,337.351,0.2088800000000004,0.4386568064244002,24,37
subcategory_bioisostere.add-N_165,CN(C)CCN1CCN(C2=Nc3ccccc3Sc3ccccc32)CC1,1,bioisostere,add-N,Cc1ccc(S(=O)(=O)O)cc1.OCCOCCN1CCN(C2=Nc3ccccc3Sc3ccccc32)CC1,3 4 5,c1ccc2c(c1)N=C(N1CCNCC1)c1ccccc1S2.c1ccccc1,train,366.53400000000016,3.4087000000000023,0.829973610866444,26,39
subcategory_bioisostere.add-N_254,NCNC(=S)C(=O)NC1CCCCC1,1,bioisostere,add-N,O=C(NC1CCCCC1)C(=S)NCCc1ccccc1,2,O=C(NC1CCCCC1)C(=S)NCCc1ccccc1,train,215.32199999999995,0.2684999999999993,0.4567205734393176,14,22
subcategory_bioisostere.add-N_64,CCCCC(=O)n1nc(C(C)CC)n(Cc2ccc(-c3ccccc3-c3nn[nH]n3)cc2)c1=O,0,authentic,authentic,,,O=c1[nH]ncn1Cc1ccc(-c2ccccc2-c2nn[nH]n2)cc1,train,459.55400000000014,4.284100000000002,0.399751804799469,34,59
subcategory_bioisostere.add-N_185,COc1cccc(S(=O)(=O)c2ccc(NC(N)=O)cc2)c1,1,bioisostere,add-N,CCCC(=O)Nc1ccc(S(=O)(=O)c2cccc(OC)c2)cc1,2,O=S(=O)(c1ccccc1)c1ccccc1,test,306.343,2.0185999999999997,0.9023614108732861,21,38
subcategory_bioisostere.add-N_314,CN(C)CCC(Oc1ccc(N)cc1)c1ccccc1,1,bioisostere,add-N,CN(C)CCC(Oc1ccc(C(F)(F)F)cc1)c1ccccc1,1,c1ccc(COc2ccccc2)cc1,train,270.376,3.340600000000001,0.81815550280271,20,30
subcategory_bioisostere.add-N_249,CC1=C(CCCN)C(=O)N(C(=O)NCCc2ccc(S(N)(=O)=O)cc2)C1,1,bioisostere,add-N,CCC1=C(C)CN(C(=O)NCCc2ccc(S(N)(=O)=O)cc2)C1=O,2 3,O=C1C=CCN1C(=O)NCCc1ccccc1,train,380.47000000000014,0.4837000000000017,0.6321643308790662,26,49
subcategory_bioisostere.add-N_156,NC(=O)c1cc(-c2ccncc2)cnc1Cl,0,authentic,authentic,,,c1cncc(-c2ccncc2)c1,train,233.658,1.8959,0.8057771234026877,16,27
subcategory_bioisostere.add-N_121,CCC1(CC)O[C@@H]2C[C@H]3[C@@H]4CCC5=CC(=O)C=C[C@]5(C)[C@@]4(F)[C@@H](O)C[C@]3(C)[C@]2(C(=O)CO)O1,0,authentic,authentic,,,O=C1C=CC2C(=C1)CC[C@@H]1C2CCC2C3OCO[C@@H]3C[C@H]21,train,462.5580000000003,3.199000000000003,0.6666323272132848,33,95
subcategory_bioisostere.add-N_62,CCOc1ccc(Cc2cc3c(cc2Cl)OCCOC[C@H]2O[C@@H]3[C@H](O)[C@@H](O)[C@@H]2O)cc1,0,authentic,authentic,,,c1ccc(Cc2ccc3c(c2)[C@H]2CCC[C@@H](COCCO3)O2)cc1,train,450.91500000000013,2.261099999999999,0.6568987523290838,31,71
subcategory_bioisostere.add-N_123,CC(C)CN(C[C@@H](O)[C@H](CC12CC3CC(CC(C3)C1)C2)NC(=O)O[C@H]1CO[C@H]2OCC[C@H]21)S(=O)(=O)c1ccc(N)cc1,0,authentic,authentic,,,O=C(N[C@H](CCNS(=O)(=O)c1ccccc1)CC12CC3CC(CC(C3)C1)C2)O[C@H]1CO[C@H]2OCC[C@H]21,train,605.7980000000001,3.7391000000000014,0.3242849133294563,42,98
subcategory_bioisostere.add-N_127,CCc1cc2c(s1)C(N1CCN(C)CC1)=Nc1c(F)cc(F)cc1N2,0,authentic,authentic,,,c1ccc2c(c1)N=C(N1CCNCC1)c1sccc1N2,train,362.44899999999996,3.9714000000000027,0.8327306072050329,25,44
subcategory_bioisostere.add-N_138,CCOC(=O)C1=C(C)NC(C)=C(C(=O)OC)[C@H]1c1cccc(Cl)c1Cl,0,authentic,authentic,,,C1=CC(c2ccccc2)C=CN1,train,384.259,3.9643000000000033,0.7964461277127532,25,51
subcategory_bioisostere.add-N_186,NCCCCNCCCOC(=O)C(c1ccccc1)c1ccccc1,1,bioisostere,add-N,CC1CCCCN1CCCOC(=O)C(c1ccccc1)c1ccccc1,0 1 2 3 4 5,O=C(OCCCN1CCCCC1)C(c1ccccc1)c1ccccc1,test,340.46700000000004,3.080300000000001,0.4873013576504006,25,34
subcategory_bioisostere.add-N_82,CCCCOC(=O)[C@H](CCc1ccccc1)N[C@@H](C)C(=O)N1CCC[C@H]1C(=O)O,0,authentic,authentic,,,O=C(CNCCCc1ccccc1)N1CCCC1,train,404.50700000000023,2.3848,0.43427680336727176,29,59
subcategory_bioisostere.add-N_52,CCOc1ccc(-c2nc3c(=O)n(C)c(=O)n(C)c3[nH]2)cc1,0,authentic,authentic,,,O=c1[nH]c(=O)c2nc(-c3ccccc3)[nH]c2[nH]1,train,300.318,1.0259999999999996,0.7828733522213344,22,44
subcategory_bioisostere.add-N_132,O=[N+]([O-])c1ccc2ncc(N3CCNCC3)nc2c1,0,authentic,authentic,,,c1ccc2nc(N3CCNCC3)cnc2c1,test,259.26899999999995,0.9475999999999996,0.6381377372837309,19,36
subcategory_bioisostere.add-N_150,NCC[C@@H]1CN=C(Nc2ccc(Cl)cc2Cl)N1,0,authentic,authentic,,,c1ccc(NC2=NCCN2)cc1,train,273.16700000000003,2.0819,0.7897556332526348,17,33
subcategory_bioisostere.add-N_87,NS(=O)(=O)c1cc2c(cc1Cl)N(CNS(=O)(=O)c1cc3c(cc1Cl)NCNS3(=O)=O)CNS2(=O)=O,0,authentic,authentic,,,O=S(=O)(NCN1CNS(=O)(=O)c2ccccc21)c1ccc2c(c1)S(=O)(=O)NCN2,test,607.5010000000002,-0.7060999999999988,0.2880263730610514,35,71
subcategory_bioisostere.add-N_69,CCc1ccc(Cc2cc([C@@H]3O[C@H](CO)[C@@H](O)[C@H](O)[C@H]3O)c3c(c2Cl)C(C)CO3)cc1,0,authentic,authentic,,,c1ccc(Cc2cc3c(c([C@H]4CCCCO4)c2)OCC3)cc1,test,448.94300000000015,2.5040000000000004,0.5606165578368619,31,76
subcategory_bioisostere.add-N_217,N#CCc1c[nH]c2ccc(CCS(=O)(=O)c3ccccc3)cc12,1,bioisostere,add-N,CN1CCCC1Cc1c[nH]c2ccc(CCS(=O)(=O)c3ccccc3)cc12,1 2,O=S(=O)(CCc1ccc2[nH]cc(CC3CCCN3)c2c1)c1ccccc1,train,324.405,3.2503800000000025,0.7826485535377449,23,41
subcategory_bioisostere.add-N_236,CCN(CCCN)CCSc1nc2ccc(OC)cc2[nH]1,1,bioisostere,add-N,CCN(CC)CCSc1nc2ccc(OC)cc2[nH]1,2 3,c1ccc2[nH]cnc2c1,train,308.451,2.3343,0.6960220186743917,21,32
subcategory_bioisostere.add-N_306,NC(=O)COc1cccc2c1CCC(C/C=C/CCc1ccccc1)C2,1,bioisostere,add-N,O=C(O)COc1cccc2c1CCC(C/C=C/CCc1ccccc1)C2,2,C(=C\CC1CCc2ccccc2C1)/CCc1ccccc1,train,349.47400000000005,4.234700000000004,0.7250088758850095,26,40
subcategory_bioisostere.add-N_248,CC[C@H](C)C(=O)c1c(O)c(CC=C(C)C)c(O)c2c([C@@H](O)CCN(C)C)cc(=O)oc12,1,bioisostere,add-N,CCCC[C@H](O)c1cc(=O)oc2c(C(=O)[C@@H](C)CC)c(O)c(CC=C(C)C)c(O)c12,1 2 3,O=c1ccc2ccccc2o1,train,431.5290000000002,3.9268000000000036,0.31332654755204103,31,67
subcategory_bioisostere.add-N_46,COc1ccc(-c2ccc(/C=C/[C@H]3[C@@H]4CCCC[C@H]4C[C@H]4C(=O)O[C@H](C)[C@@H]34)nc2)cc1,0,authentic,authentic,,,O=C1OC[C@H]2[C@@H](/C=C/c3ccc(-c4ccccc4)cn3)[C@@H]3CCCC[C@H]3C[C@@H]12,val,417.5490000000001,5.774400000000006,0.592294083188991,31,80
subcategory_bioisostere.add-N_264,COCCN(C#N)CCNC(=O)c1cc(Oc2ccc(NC(=O)Nc3ccc(Cl)c(C(F)(F)F)c3)cc2)ccn1,1,bioisostere,add-N,O=C(Nc1ccc(Oc2ccnc(C(=O)NCCN3CCOCC3)c2)cc1)Nc1ccc(Cl)c(C(F)(F)F)c1,0 1 2 4 6 8 10,O=C(Nc1ccccc1)Nc1ccc(Oc2ccnc(C(=O)NCCN3CCOCC3)c2)cc1,val,576.9630000000002,5.349380000000005,0.2072604914854808,40,68
subcategory_bioisostere.add-N_43,CCOc1ccc(Cc2cc([C@@H]3OC(OC(C)C)[C@@H](O)[C@H](O)[C@H]3O)ccc2Cl)cc1,0,authentic,authentic,,,c1ccc(Cc2cccc([C@H]3CCCCO3)c2)cc1,train,436.932,3.234600000000002,0.6171990181951446,30,67
subcategory_bioisostere.add-N_8,CCOC(=O)Nc1cc2c(c(N)n1)N=C(c1ccc(C)cc1)CN2,0,authentic,authentic,,,c1ccc(C2=Nc3cnccc3NC2)cc1,test,325.372,3.086920000000001,0.8046578441917169,24,42
subcategory_bioisostere.add-N_233,N#CCC(=O)N1CCC[C@H](c2nnc3n2CCN(C2CCCC2)C3)C1,1,bioisostere,add-N,O=C(CCc1ccccc1)N1CCC[C@H](c2nnc3n2CCN(C2CCCC2)C3)C1,3,O=C(CCc1ccccc1)N1CCC[C@H](c2nnc3n2CCN(C2CCCC2)C3)C1,val,342.44700000000023,1.6559799999999996,0.8346016728833903,25,45
subcategory_bioisostere.add-N_159,CCOC(=O)[C@H](CCc1ccccc1)N[C@@H](C)C(=O)N(N)CC,1,bioisostere,add-N,CCOC(=O)[C@H](CCc1ccccc1)N[C@@H](C)C(=O)N1CCC[C@H]1C(=O)O,0 1 3 6,O=C(CNCCCc1ccccc1)N1CCCC1,train,321.42100000000016,1.2512000000000005,0.30941983166179404,23,46
subcategory_bioisostere.add-N_15,O=C(Nc1nn[nH]n1)c1cn2c(ccc3ccccc32)n1,0,authentic,authentic,,,O=C(Nc1nn[nH]n1)c1cn2c(ccc3ccccc32)n1,train,279.2630000000001,1.2528999999999992,0.5748283795792672,21,37
subcategory_bioisostere.add-N_278,N#COc1ccc(-c2ccnc(-c3cccc(-c4ccccn4)n3)c2)cc1,1,bioisostere,add-N,COc1ccc(-c2ccnc(-c3cccc(-c4ccccn4)n3)c2)cc1,2,c1ccc(-c2ccnc(-c3cccc(-c4ccccn4)n3)c2)cc1,train,350.38100000000003,4.732480000000003,0.4974786872114753,27,45
subcategory_bioisostere.add-N_75,N#Cc1ccc2c(c1)COC2(CCCCI)c1ccc(F)cc1,0,authentic,authentic,,,c1ccc(C2OCc3ccccc32)cc1,train,421.253,5.076480000000004,0.3835573533307799,23,36
subcategory_bioisostere.add-N_146,CC/C(=C\c1cc(C(=O)/C=C/c2ccccc2)cn1C)C(=O)NO,0,authentic,authentic,,,O=C(/C=C/c1ccccc1)c1cc[nH]c1,train,324.38000000000005,3.2200000000000006,0.37082395534751683,24,44
subcategory_bioisostere.add-N_241,CCOc1cc(ON)c(O)cc1CCCc1ccc(OC)cc1,1,bioisostere,add-N,CCOc1cc2c(cc1CCCc1ccc(OC)cc1)OCO2,0 1 7,c1ccc(CCCc2ccc3c(c2)OCO3)cc1,train,317.38500000000005,3.2273000000000014,0.7312674804961328,23,33
subcategory_bioisostere.add-N_311,COC(=O)[C@@]1(O)C[C@@H](C)O[C@H]1O[C@@H]1C[C@H](CC[CH][C@@]2(O)CC[C@H](C3=CC(=O)OC3)[C@@]2(C)CCN(C)C)[C](C(=O)O)C[C@H]1O,1,bioisostere,add-N,COC(=O)[C@@]1(O)C[C@@H](C)O[C@H]1O[C@@H]1C[C@@H]2CC[C@@H]3[C@H](CC[C@]4(C)[C@@H](C5=CC(=O)OC5)CC[C@]34O)[C@@]2(C(=O)O)C[C@H]1O,0 1 2 3 4 5 6 7 8 9 10 11 12 13 14 15 16 17 18 19 20,O=C1C=C([C@H]2CCC3C2CC[C@@H]2C4CC[C@H](O[C@H]5CCCO5)C[C@@H]4CC[C@@H]32)CO1,train,609.7130000000004,1.4073800000000012,0.23485165867457036,43,120
subcategory_bioisostere.add-N_118,NC(=O)N(CC(=O)O)/N=C/c1ccc([N+](=O)[O-])o1,0,authentic,authentic,,,c1ccoc1,train,256.174,-0.012999999999999956,0.42871709611061715,18,42
subcategory_bioisostere.add-N_14,CCC(CC)O[C@@H]1C=C(C(=O)OC)C[C@H](N(C)C(=O)C(F)(F)F)[C@H]1NC(C)=O,0,authentic,authentic,,,C1=CCCCC1,train,408.41700000000003,1.9573,0.6512815092992905,28,65
subcategory_bioisostere.add-N_136,O=C(NCCCn1ccnc1)c1cccnc1,0,authentic,authentic,,,O=C(NCCCn1ccnc1)c1cccnc1,train,230.27100000000002,1.0981999999999998,0.7823086683839425,17,24
subcategory_bioisostere.add-N_115,N[C@@H](CC(=O)N1CCn2nc(C3CC3)nc2C1)Cc1cc(F)c(F)cc1F,0,authentic,authentic,,,O=C(CCCc1ccccc1)N1CCn2nc(C3CC3)nc2C1,val,379.386,1.8750999999999993,0.8050551667608813,27,51
subcategory_bioisostere.add-N_172,CCCN(N)C(=O)c1cn[nH]c1N,1,bioisostere,add-N,CCCN(CCC)C(=O)c1cn[nH]c1N,1,c1cn[nH]c1,train,183.21499999999997,-0.2821999999999999,0.34046550078913174,13,23
subcategory_bioisostere.add-N_272,CCN(C)CCN1C(=O)[C@H](OC(=O)CCN(C)C)[C@H](c2ccc(OC)cc2)Sc2ccccc21,1,bioisostere,add-N,CCN(C)CCN1C(=O)[C@H](OC(C)=O)[C@H](c2ccc(OC)cc2)Sc2ccccc21,2 3 4 5,O=C1C[C@H](c2ccccc2)Sc2ccccc2N1,train,485.65000000000015,3.690400000000002,0.475793611181951,34,64
subcategory_bioisostere.add-N_103,CC[C@@]1(O)C(=O)OCc2c1cc1n(c2=O)Cc2cc3ccccc3nc2-1,0,authentic,authentic,,,O=C1Cc2cc3n(c(=O)c2CO1)Cc1cc2ccccc2nc1-3,train,348.35800000000006,2.0796,0.5327639891125654,26,49
subcategory_bioisostere.add-N_177,COc1ccc2c(ccc3oc([N+](=O)[O-])c(C#N)c32)c1,1,bioisostere,add-N,COc1ccc2c(ccc3oc([N+](=O)[O-])c(C)c32)c1,2,c1ccc2c(c1)ccc1occc12,train,268.22799999999995,3.374480000000002,0.5246412499682636,20,42
subcategory_bioisostere.add-N_173,COc1cc(C(=O)N2CCN(C(=O)c3cc(OC)c(OC)c(OCCN(C)C)c3)C(COC(C)=O)C2)cc(OC)c1OC,1,bioisostere,add-N,COc1cc(C(=O)N2CCN(C(=O)c3cc(OC)c(OC)c(OC)c3)C(COC(C)=O)C2)cc(OC)c1OC,2 3 4 5,O=C(c1ccccc1)N1CCN(C(=O)c2ccccc2)CC1,val,603.6690000000003,2.1999000000000004,0.31299706597451665,43,74
subcategory_bioisostere.add-N_260,Cc1cnc(NCCN(C)C)c(=O)n1CC(=O)NCc1ccc2nccn2c1C,1,bioisostere,add-N,Cc1cnc(NCCc2ccccc2)c(=O)n1CC(=O)NCc1ccc2nccn2c1C,3 4 5,O=C(Cn1ccnc(NCCc2ccccc2)c1=O)NCc1ccc2nccn2c1,train,397.4830000000002,0.7977400000000008,0.5836458185216611,29,45
subcategory_bioisostere.add-N_44,C#CCN(Cc1ccc2nc(C)nc(O)c2c1)c1ccc(C(=O)N[C@H](CCC(N)=O)C(=O)O)cc1,0,authentic,authentic,,,c1ccc(NCc2ccc3ncncc3c2)cc1,train,475.5050000000002,1.7321199999999994,0.32274149197243174,35,65
subcategory_bioisostere.add-N_284,NCOc1ccc2ncnc(Nc3ccc(OCc4ccccc4)cc3)c2c1,1,bioisostere,add-N,C=CCOc1ccc2ncnc(Nc3ccc(OCc4ccccc4)cc3)c2c1,1,c1ccc(COc2ccc(Nc3ncnc4ccccc34)cc2)cc1,val,372.42800000000005,4.247400000000003,0.4721185937737304,28,40
subcategory_bioisostere.add-N_147,CN(C)CCCC1(c2ccc(F)cc2)OCc2cc(C#N)ccc21.O=C(O)C(=O)O,0,authentic,authentic,,,c1ccc(C2OCc3ccccc32)cc1,train,414.43300000000016,2.968580000000001,0.7237724204466454,30,52
subcategory_bioisostere.add-N_73,O=S(=O)(NCCc1c[nH]c2ccccc12)c1ccccc1,0,authentic,authentic,,,O=S(=O)(NCCc1c[nH]c2ccccc12)c1ccccc1,train,300.38300000000004,2.6889000000000003,0.7607575985045993,21,36
subcategory_bioisostere.add-N_257,NCCN1CCC[C@H]1C(=O)N[C@@H](Cc1ccccc1)C(=O)O,1,bioisostere,add-N,CCCCCCCN1CCC[C@H]1C(=O)N[C@@H](Cc1ccccc1)C(=O)O,3,O=C(NCCc1ccccc1)[C@@H]1CCCN1,train,305.37800000000004,0.22160000000000085,0.6696682735630005,22,43
subcategory_bioisostere.add-N_187,CC(=O)OCC(=O)[C@@]12OC(C)(N)O[C@@H]1C[C@H]1[C@@H]3CCC4=CC(=O)C=C[C@]4(C)[C@H]3[C@@H](O)C[C@@]12C,1,bioisostere,add-N,CC(=O)OCC(=O)[C@@]12OC(C)(C)O[C@@H]1C[C@H]1[C@@H]3CCC4=CC(=O)C=C[C@]4(C)[C@H]3[C@@H](O)C[C@@]12C,1,O=C1C=CC2C(=C1)CC[C@@H]1[C@@H]2CCC2C3OCO[C@@H]3C[C@H]21,train,459.53900000000027,1.7937999999999996,0.6122250969301222,33,96
subcategory_bioisostere.add-N_207,COc1ccc(C(C#N)(CCCNN)C(C)C)cc1OC,1,bioisostere,add-N,COc1cc(CCNCCCC(C#N)(c2ccc(OC)c(OC)c2)C(C)C)ccc1O,1,c1ccc(CCCCNCCc2ccccc2)cc1,train,291.39500000000004,2.36468,0.4364510555194481,21,32
subcategory_bioisostere.add-N_287,CCCCN(N)CCCOc1ccc(CF)cc1,1,bioisostere,add-N,FCc1ccc(OCCCN2CCCCC2)cc1,0 1 3 5 7 9,c1ccc(OCCCN2CCCCC2)cc1,train,254.349,2.900800000000001,0.41817557156105684,18,24
subcategory_bioisostere.add-N_119,C#Cc1cccc(Nc2ncnc3ccc(OCCCCNCCS(C)(=O)=O)cc23)c1,0,authentic,authentic,,,c1ccc(Nc2ncnc3ccccc23)cc1,train,438.5530000000002,3.1479000000000017,0.35085031786826787,31,48
subcategory_bioisostere.add-N_209,CCC=C(C)CN(CCN(C)C)C(=O)NCCc1ccc(S(=O)(=O)NC(C)=O)cc1,1,bioisostere,add-N,CCC1=C(C)CN(C(=O)NCCc2ccc(S(=O)(=O)NC(C)=O)cc2)C1=O,0 1 2 3 4 5 6 8 11 12 14 16,O=C1C=CCN1C(=O)NCCc1ccccc1,train,438.5940000000001,1.9834000000000003,0.5149426856676862,30,53
subcategory_bioisostere.add-N_269,NC(=O)CN1C(=O)CN=C(c2ccccc2Cl)c2cc([N+](=O)[O-])ccc21,1,bioisostere,add-N,CCCOC(=O)CN1C(=O)CN=C(c2ccccc2Cl)c2cc([N+](=O)[O-])ccc21,3,O=C1CN=C(c2ccccc2)c2ccccc2N1,train,372.76800000000014,1.917500000000001,0.6507555348828203,26,53
subcategory_bioisostere.add-N_211,CN(C)N1c2ccccc2CN(S(=O)(=O)c2ccc(O)cc2)CC1CCc1ccccc1,1,bioisostere,add-N,O=S(=O)(c1ccc(O)cc1)N1Cc2ccccc2N(Cc2c[nH]cn2)C(CCc2ccccc2)C1,1 2 3,O=S(=O)(c1ccccc1)N1Cc2ccccc2N(Cc2c[nH]cn2)C(CCc2ccccc2)C1,train,451.59200000000016,3.8811000000000035,0.6162464016700121,32,52
subcategory_bioisostere.add-N_131,CC(C)(C)c1cc(/C=C/c2n[nH]c(O)n2)cc(C(C)(C)C)c1O,0,authentic,authentic,,,C(=C\c1nc[nH]n1)/c1ccccc1,train,315.41700000000003,3.9813000000000023,0.7825625504773838,23,47
subcategory_bioisostere.add-N_5,Cl.Cl.Clc1cccc(Cl)c1NC1=NCCN1,0,authentic,authentic,,,c1ccc(NC2=NCCN2)cc1,train,303.0200000000001,3.2081000000000017,0.8355865380793955,16,29
subcategory_bioisostere.add-N_3,CC(C)CN(C[C@@H](O)[C@H](Cc1cc(F)cc(F)c1)NC(=O)O[C@H]1C2CO[C@H]3OCC1C3C2)S(=O)(=O)c1ccc(N)cc1,0,authentic,authentic,,,O=C(N[C@H](CCNS(=O)(=O)c1ccccc1)Cc1ccccc1)O[C@H]1C2CO[C@H]3OCC1C3C2,train,609.6920000000001,2.8994999999999997,0.3306687421417263,42,92
subcategory_bioisostere.add-N_18,CC(C)c1nc(N(C)S(C)(=O)=O)nc(-c2ccc(F)cc2)c1/C=C/[C@@H](O)C[C@@H](O)CC#C[O-],0,authentic,authentic,,,c1ccc(-c2ccncn2)cc1,train,476.55000000000024,1.6382999999999999,0.5269204703742252,33,75
subcategory_bioisostere.add-N_25,NC(=O)N(CCO)N=Cc1ccc([N+](=O)[O-])o1,0,authentic,authentic,,,c1ccoc1,train,242.191,-0.10529999999999967,0.4216346956376379,17,36
subcategory_bioisostere.add-N_230,CCN(C(=O)[C@@H](C)NC(CCc1ccccc1)C(=O)O)C(CCN)C(=O)O,1,bioisostere,add-N,C[C@@H](NC(CCc1ccccc1)C(=O)O)C(=O)N1CCCC1C(=O)O,0 1 2 3 4 5 6 7 9 12,O=C(CNCCCc1ccccc1)N1CCCC1,train,379.45700000000016,0.7010000000000018,0.42002931586464565,27,51
subcategory_bioisostere.add-N_204,NCN(C[C@@H](O)[C@H](Cc1ccccc1)NC(=O)O[C@H]1CO[C@H]2OCC[C@H]21)S(=O)(=O)c1ccc(N)cc1,1,bioisostere,add-N,CC(C)(CCN)CN(C[C@@H](O)[C@H](Cc1ccccc1)NC(=O)O[C@H]1CO[C@H]2OCC[C@H]21)S(=O)(=O)c1ccc(N)cc1,1,O=C(N[C@H](CCNS(=O)(=O)c1ccccc1)Cc1ccccc1)O[C@H]1CO[C@H]2OCC[C@H]21,train,520.6080000000004,0.6355000000000021,0.25955753537522464,36,82
subcategory_bioisostere.add-N_30,O=C(NC1CCN(Cc2ccccc2)CC1)c1ccc(-n2ccnc2)cc1,0,authentic,authentic,,,O=C(NC1CCN(Cc2ccccc2)CC1)c1ccc(-n2ccnc2)cc1,test,360.46100000000007,3.266700000000002,0.7597260705506274,27,43
subcategory_bioisostere.add-N_142,CN(CCc1ccccn1)C1c2ccccc2Oc2ccccc21,0,authentic,authentic,,,c1ccc(CCNC2c3ccccc3Oc3ccccc32)nc1,val,316.404,4.451200000000004,0.7107856552639072,24,34
subcategory_bioisostere.add-N_42,Cc1cccc(OCC(O)CNC(C)C)c1.Cl,0,authentic,authentic,,,c1ccccc1,train,259.777,2.15452,0.8227117156109426,17,27
subcategory_bioisostere.add-N_255,CCOC(=O)[C@H](CCc1ccccc1)N[C@@H](C)C(=O)N1C(C(N)=O)C[C@@H]2CCC[C@@H]21,1,bioisostere,add-N,CCOC(=O)[C@H](CCc1ccccc1)N[C@@H](C)C(=O)N1C(C(=O)O)C[C@@H]2CCC[C@@H]21,2,O=C(CNCCCc1ccccc1)N1CC[C@@H]2CCC[C@@H]21,train,415.53400000000033,1.7839000000000007,0.5988696795578101,30,70
subcategory_bioisostere.add-N_81,CC(=O)[O-].CCCC[NH2+]CC(=O)N/N=C/c1ccc([N+](=O)[O-])o1,0,authentic,authentic,,,c1ccoc1,train,328.3250000000001,-1.2423999999999975,0.26303261193223815,23,54
subcategory_bioisostere.add-N_124,COc1c(C)c2c(c(O)c1C/C=C(\C)CCC(=O)OCCN1CCOCC1)C(=O)OC2,0,authentic,authentic,,,O=C(CCC=CCc1ccc2c(c1)C(=O)OC2)OCCN1CCOCC1,train,433.5010000000003,2.52402,0.46901748000616883,31,54
subcategory_bioisostere.add-N_92,CC1(C)CC1C(=O)N/C(=C\CCCCCSCC(N)C(=O)O)C(=O)O,0,authentic,authentic,,,C1CC1,val,372.487,1.8226999999999998,0.30357360768280023,25,45
subcategory_bioisostere.add-N_190,C[n+]1ccc(/C=C/c2c[nH]c3ccc(CCN)cc23)cc1,1,bioisostere,add-N,Cc1ccc2[nH]cc(/C=C/c3cc[n+](C)cc3)c2c1.[I-],2 3,C(=C\c1c[nH]c2ccccc12)/c1cc[nH+]cc1,train,278.37899999999996,2.6640000000000006,0.7081186445153059,21,40
subcategory_bioisostere.add-N_247,NCCc1c[nH]c2ccccc12,1,bioisostere,add-N,Cc1ccc(NC(=S)NCCc2c[nH]c3ccccc23)c(C)c1,,S=C(NCCc1c[nH]c2ccccc12)Nc1ccccc1,test,160.21999999999997,1.6691,0.6890236514433125,12,19
subcategory_bioisostere.add-N_225,CCOc1ccc(Cc2cc([C@]3(CCN)OC[C@]([CH]O)(OC4CC4)O3)ccc2Cl)cc1,1,bioisostere,add-N,CCOc1ccc(Cc2cc([C@]34OC[C@](OC5CC5)(O3)[C@@H](O)[C@H](O)[C@H]4O)ccc2Cl)cc1,1 2 3 14 18,c1ccc(Cc2cccc([C@]34CCC[C@](OC5CC5)(CO3)O4)c2)cc1,train,446.95100000000014,4.287490000000003,0.5661735976722249,31,59
subcategory_bioisostere.add-N_21,COc1ccc(C(=O)NCC(=O)O)cc1,0,authentic,authentic,,,c1ccccc1,train,209.201,0.5095999999999996,0.7571083494341113,15,25
subcategory_bioisostere.add-N_198,NC(O)(O)N(CC(O)(O)OCCO)C(O)(O)CNC1=Nc2ccccc2Sc2ccccc21,1,bioisostere,add-N,OCCOC(O)(O)CN1C(O)(O)CN(C2=Nc3ccccc3Sc3ccccc32)CC1(O)O,0 1 2 3 4 5 6 7 8 9 10 11 12 13 14 15 17 20,c1ccc2c(c1)N=C(N1CCNCC1)c1ccccc1S2,train,482.51500000000016,-2.0385999999999953,0.17738586771642234,33,54
subcategory_bioisostere.add-N_223,N#C[C@@H]1[CH]CN(c2nc3c(cc2F)c(=O)c(C(=O)O)cn3-c2ccc(F)cc2F)C1,1,bioisostere,add-N,N[C@@H]1[C@H]2CN(c3nc4c(cc3F)c(=O)c(C(=O)O)cn4-c3ccc(F)cc3F)C[C@@H]12,1 2,O=c1ccn(-c2ccccc2)c2nc(N3C[C@H]4C[C@H]4C3)ccc12,val,413.3350000000001,2.6652700000000005,0.7089252649426913,30,62
subcategory_bioisostere.add-N_152,c1ccc2c(c1)c(C1=NCC3(CN4CCC3CC4)O1)cn2CC1CC1,0,authentic,authentic,,,c1ccc2c(c1)c(C1=NCC3(CN4CCC3CC4)O1)cn2CC1CC1,train,335.451,3.292500000000002,0.861360879026819,25,44
subcategory_bioisostere.add-N_116,[2H]C1([2H])N(CCOCCO)CCN(C2=Nc3cc(C)c(C)cc3Sc3ccccc32)C1([2H])C,0,authentic,authentic,,,c1ccc2c(c1)N=C(N1CCNCC1)c1ccccc1S2,train,428.6163053340001,3.861340000000003,0.7330717862918393,30,63
subcategory_bioisostere.add-N_96,CC(C)(C)c1cc(/C=C/c2ccsc2)cc(C(C)(C)C)c1O,0,authentic,authentic,,,C(=C\c1ccsc1)/c1ccccc1,train,314.494,6.219100000000005,0.6974083022582648,22,41
subcategory_bioisostere.add-N_184,CCCN(CN)S(=O)(=O)c1ccc(-n2ncc(=O)[nH]c2=O)cc1Cl,1,bioisostere,add-N,CCCN(CCC)S(=O)(=O)c1ccc(-n2ncc(=O)[nH]c2=O)cc1Cl,1,O=c1cnn(-c2ccccc2)c(=O)[nH]1,train,373.8220000000001,-0.10889999999999994,0.6790370436972695,24,47
subcategory_bioisostere.add-N_265,N#CCn1c(=O)cc(CC(=O)O)n1Cc1ccc(-c2ccccc2-c2nn[nH]n2)cc1,1,bioisostere,add-N,CCCn1c(=O)cc(CC(=O)O)n1Cc1ccc(-c2ccccc2-c2nn[nH]n2)cc1,2,O=c1ccn(Cc2ccc(-c3ccccc3-c3nn[nH]n3)cc2)[nH]1,train,415.41300000000007,1.6958799999999996,0.467521005828818,31,55
subcategory_bioisostere.add-N_309,CN(C)CCC[C@H](N[C@@H](CCc1ccc(F)cc1)C(=O)O)C(=O)N1CCC[C@H]1C(=O)O,1,bioisostere,add-N,NCCCC[C@H](N[C@@H](CCc1ccc(F)cc1)C(=O)O)C(=O)N1CCC[C@H]1C(=O)O,1 2 3,O=C(CNCCCc1ccccc1)N1CCCC1,train,437.5120000000002,1.5871000000000006,0.4554424700093563,31,65
subcategory_bioisostere.add-N_83,COc1cccc(C2(O)CCCCC2C[N+](C)(C)[O-])c1,0,authentic,authentic,,,c1ccc(C2CCCCC2)cc1,val,279.37999999999994,2.6472000000000007,0.6807032999227712,20,38
subcategory_bioisostere.add-N_77,CCOc1ccc(Cc2cc([C@@H]3O[C@H](CO)[C@@H](O)[C@H](O)[C@@H]3O)ccc2Cl)cc1,0,authentic,authentic,,,c1ccc(Cc2cccc([C@H]3CCCCO3)c2)cc1,train,408.87800000000004,1.8443999999999996,0.5818339767551266,28,68
subcategory_bioisostere.add-N_74,CN(Cc1cnc2nc(N)nc(N)c2n1)c1ccc(C(=O)NC(CCNC(N)=O)C(=O)O)cc1,0,authentic,authentic,,,c1ccc(NCc2cnc3ncncc3n2)cc1,test,468.47800000000024,-0.5379999999999969,0.2334481131954622,34,59
subcategory_bioisostere.add-N_100,NNc1[nH]ncc2c3cc(OCc4ccccc4)ccc3nc1-2,0,authentic,authentic,,,c1ccc(COc2ccc3nc4c[nH]ncc-4c3c2)cc1,train,305.341,2.9273000000000007,0.39832081115459944,23,37
subcategory_bioisostere.add-N_55,CCOC(=O)c1cc2c3ccc(Cl)cc3nc(O)n2n1,0,authentic,authentic,,,c1ccc2c(c1)ncn1nccc21,train,291.694,2.418200000000001,0.7337890436558661,20,34
subcategory_bioisostere.add-N_312,CC1=CC[C@@H]2[C@@H](C1)c1c(O)cc(CCCCC#N)cc1OC2(C)C,1,bioisostere,add-N,CCCCCc1cc(O)c2c(c1)OC(C)(C)[C@@H]1CC=C(C)C[C@@H]21,2,C1=CC[C@H]2c3ccccc3OC[C@@H]2C1,train,325.45200000000006,5.239480000000005,0.6081801571109422,24,50
subcategory_bioisostere.add-N_36,O=C(CSc1ncccc1-c1nc2ccccc2[nH]1)Nc1ccc2c(c1)OCCO2,0,authentic,authentic,,,O=C(CSc1ncccc1-c1nc2ccccc2[nH]1)Nc1ccc2c(c1)OCCO2,train,418.4780000000002,4.126900000000002,0.47397421241234056,30,49
subcategory_bioisostere.add-N_220,CCCCCN(CCCCN)CC(=O)N/N=C/c1ccc([N+](=O)[O-])o1,1,bioisostere,add-N,CCCCCN(CCCCC)CC(=O)N/N=C/c1ccc([N+](=O)[O-])o1,2,c1ccoc1,train,353.4230000000001,1.8690000000000009,0.24111325969121333,25,46
subcategory_bioisostere.add-N_140,O=C(O)/C=N/OC(c1ccc(OCc2ccccn2)cc1)C1CCCCC1,0,authentic,authentic,,,c1ccc(COc2ccc(CC3CCCCC3)cc2)nc1,test,368.4330000000002,4.369000000000004,0.5526629253647486,27,43
subcategory_bioisostere.add-N_106,O=C(O)CN1C(=O)c2cccc3cccc1c23,0,authentic,authentic,,,O=C1Nc2cccc3cccc1c23,val,227.219,1.8846,0.851746676685245,17,29
subcategory_bioisostere.add-N_308,CO[C@@]12CO[C@@](c3ccc(Cl)c(Cc4ccc(O[C@H](CO)CC#N)cc4)c3)(O1)[C@H](O)[C@@H](O)[C@@H]2O,1,bioisostere,add-N,CO[C@@]12CO[C@@](c3ccc(Cl)c(Cc4ccc(O[C@H]5CCOC5)cc4)c3)(O1)[C@H](O)[C@@H](O)[C@@H]2O,0 1 2 3 5 7,c1cc(Cc2ccc(O[C@H]3CCOC3)cc2)cc([C@]23CCCC(CO2)O3)c1,test,491.92400000000015,1.2227799999999995,0.4284617511279369,34,86
subcategory_bioisostere.add-N_277,C=C[C@@]1(C)C(=CCCN(C)C)CC[C@H]2[C@@H]3CC[C@](O)(C(=O)CO)[C@@]3(C)C[C@H](O)[C@@]21F,1,bioisostere,add-N,C[C@]12C=CC(=O)C=C1CC[C@H]1[C@@H]3CC[C@](O)(C(=O)CO)[C@@]3(C)C[C@H](O)[C@@]12F,0 1 2 3 4 5 11 14,O=C1C=CC2C(=C1)CC[C@@H]1C2CCC2CCC[C@H]21,train,423.56900000000013,2.6485000000000016,0.5725143199460133,30,83
subcategory_bioisostere.add-N_228,CCCCC[C@@H]1Cc2cc(O)c(NC(C)=O)c3c2[C@H](C[C@]2(OC[C@H](CC(=O)C(C)(CC)C(=O)OC)[C@H]2C)O3)O1,1,bioisostere,add-N,CCCCC[C@@H]1Cc2cc(O)c(C(=O)O)c3c2[C@H](C[C@]2(OC[C@H](CC(=O)C(C)(CC)C(=O)OC)[C@H]2C)O3)O1,1 2 3 4,c1cc2c3c(c1)O[C@]1(CCCO1)C[C@@H]3OCC2,train,545.6730000000005,5.223100000000005,0.1776417384944157,39,90
subcategory_bioisostere.add-N_72,O=C(O)c1ccccc1OCCCOc1cc2c(cc1O)CCO2,0,authentic,authentic,,,c1ccc(OCCCOc2ccc3c(c2)OCC3)cc1,train,330.33600000000007,2.8732000000000015,0.7594308155983982,24,35
subcategory_bioisostere.add-N_282,NNC(=O)[C@@H]1C[C@H]1c1ccccc1,1,bioisostere,add-N,C/C=C(\NC(=O)[C@@H]1C[C@H]1c1ccccc1)C(=O)O,1,c1ccc(C2CC2)cc1,train,176.219,0.7799999999999996,0.3972390431170712,13,29
subcategory_bioisostere.add-N_22,Cc1ccc2c(c1)CC(O)c1cc(CC(=O)O)ccc1O2,0,authentic,authentic,,,c1ccc2c(c1)CCc1ccccc1O2,train,284.31100000000004,3.00392,0.8892943688465472,21,36
subcategory_bioisostere.add-N_317,CCc1cc2c(s1)Nc1ccccc1C(NCCN(C)CN)=N2,1,bioisostere,add-N,CCc1cc2c(s1)Nc1ccccc1C(N1CCN(C)CC1)=N2,0 1 2 3 4 5 6,c1ccc2c(c1)Nc1sccc1N=C2N1CCNCC1,train,329.4730000000001,2.883400000000001,0.7381096660350024,23,36
subcategory_bioisostere.add-N_86,CN1CCN(C2=Nc3cscc3Nc3ccc(F)cc32)CC1,0,authentic,authentic,,,c1ccc2c(c1)Nc1cscc1N=C2N1CCNCC1,test,316.40500000000014,3.2699000000000016,0.809114886255014,22,35
subcategory_bioisostere.add-N_261,CCCNCC1(CCCN)CCCCC1,1,bioisostere,add-N,CCCNCC1(CC(=O)O)CCCCC1,2 3,C1CCCCC1,train,212.38099999999991,2.6754000000000007,0.6367670168527467,15,19
subcategory_bioisostere.add-N_200,C=CCC1Oc2cccc(OCC)c2-c2ccc(NC(C)(C)C)c(C#N)c21,1,bioisostere,add-N,C=CCC1Oc2cccc(OCC)c2-c2ccc3c(c21)C(C)=CC(C)(C)N3,1 2 6 10 14 15 16,C1=Cc2c(ccc3c2COc2ccccc2-3)NC1,train,362.4730000000001,5.8439800000000055,0.6785237059441557,27,46
subcategory_bioisostere.add-N_210,COC(=O)C1=C(C)NC(C)=C(C#N)C1c1cccc(Cl)c1F,1,bioisostere,add-N,COC(=O)C1=C(C)NC(C)=C(C(=O)OCCN(C)Cc2ccccc2)C1c1cccc(Cl)c1F,2,O=C(OCCNCc1ccccc1)C1=CNC=CC1c1ccccc1,test,320.75100000000003,3.4104800000000015,0.848213204249684,22,41
subcategory_bioisostere.add-N_24,CCCN(CCC)C1Cc2cccc3c2N(CC3)C1,0,authentic,authentic,,,c1cc2c3c(c1)CCN3CCC2,test,258.409,3.0958000000000014,0.8005413945006664,19,29
subcategory_bioisostere.add-N_16,CC[C@@H](C)[C@@H](N)C(=O)NC[C@H]1OCC[C@H]1SC1=C(C(=O)O)N2C(=O)[C@H]([C@@H](C)O)C2[C@H]1C,0,authentic,authentic,,,O=C1CC2CC(S[C@@H]3CCOC3)=CN12,train,455.57700000000017,0.5204000000000031,0.3687224581020345,31,88
subcategory_bioisostere.add-N_246,CCCC(=O)NCCc1ccc(S(=O)(=O)N2CCN(CCCCCCN)C2=N)cc1,1,bioisostere,add-N,CCCC(=O)NCCc1ccc(S(=O)(=O)N2CCN(C3CCCCC3)C2=N)cc1,0 1 2 3 4 5 6,N=C1N(C2CCCCC2)CCN1S(=O)(=O)c1ccccc1,train,437.61000000000035,1.9055700000000015,0.4072733077657486,30,48
subcategory_bioisostere.add-N_219,NCCCCn1cnc2c(=O)[nH]c(N)nc21,1,bioisostere,add-N,CCCCCn1cnc2c(=O)[nH]c(N)nc21,3,O=c1[nH]cnc2[nH]cnc12,train,222.252,-0.5593000000000001,0.5995748140772439,16,28
subcategory_bioisostere.add-N_164,CCc1cc2c(s1)Nc1ccccc1N=C2N1CCN(N)CC1,1,bioisostere,add-N,CCCN1CCN(C2=Nc3ccccc3Nc3sc(CC)cc32)CC1,1,c1ccc2c(c1)N=C(N1CCNCC1)c1ccsc1N2,train,327.45700000000016,2.937100000000001,0.7908582849369532,23,36
subcategory_bioisostere.add-N_279,CC1(C)O[C@@H]2C[C@H]3[C@@H]4CCC5=CC(=O)C=C[C@]5(C)C4(F)[C@@H](O)C[C@]3(C)[C@]2(C(N)=O)O1,1,bioisostere,add-N,CC1(C)O[C@@H]2C[C@H]3[C@@H]4CCC5=CC(=O)C=C[C@]5(C)C4(F)[C@@H](O)C[C@]3(C)[C@]2(C(=O)CO)O1,2,O=C1C=CC2C(=C1)CC[C@@H]1C2CCC2C3OCO[C@@H]3C[C@H]21,train,419.4930000000002,2.3427,0.6797842668527392,30,88
subcategory_bioisostere.add-N_242,CC(=O)N(c1ccccc1)[C@H]1C[C@@H](C)N(N)c2ccccc21,1,bioisostere,add-N,CCCC(=O)N1c2ccccc2[C@@H](N(C(C)=O)c2ccccc2)C[C@H]1C,1,c1ccc(N[C@H]2CCNc3ccccc32)cc1,val,295.386,3.2531000000000008,0.8652202967374254,22,46
subcategory_bioisostere.add-N_294,C/C=C(/N)NC(=O)CC12CC3CC(CC(C3)C1)C2,1,bioisostere,add-N,C/C=C(\NC(=O)CC12CC3CC(CC(C3)C1)C2)C(=O)O,1,C1C2CC3CC1CC(C2)C3,train,248.36999999999992,2.5291000000000006,0.806077320345783,18,36
subcategory_bioisostere.add-N_263,Cc1cc2nc(-c3ccccc3)cnc2cc1C#N,1,bioisostere,add-N,Cc1cc2ncc(-c3ccccc3)nc2cc1C,2,c1ccc(-c2cnc3ccccc3n2)cc1,train,245.28500000000003,3.4769000000000014,0.6591216638583413,19,29
subcategory_bioisostere.add-N_129,CCC(CC)O[C@@H]1C=C(C(=O)OC)C[C@H](N)[C@H]1NC(C)=O,0,authentic,authentic,,,C1=CCCCC1,train,298.38300000000004,0.8953000000000002,0.7108653383346077,21,49
subcategory_bioisostere.add-N_76,C[C@@H]1C[C@H](C)c2cc3c(C(F)(F)F)cc(O)nc3cc2N1,0,authentic,authentic,,,c1cnc2cc3c(cc2c1)CCCN3,train,296.292,4.266800000000002,0.7629382619122393,21,46
subcategory_bioisostere.add-N_31,Cc1nc2cnccc2n1CC1CCN(C(=O)CC(c2ccccc2)c2ccccc2)CC1,0,authentic,authentic,,,O=C(CC(c1ccccc1)c1ccccc1)N1CCC(Cn2cnc3cnccc32)CC1,train,438.5750000000001,5.200520000000005,0.41571061845073914,33,50
subcategory_bioisostere.add-N_221,Cc1oc(-c2ccc(C(F)(F)F)cc2)nc1COc1cccc(/C(=C/Cn2oc(=O)[nH]c2=O)CCN(C)C)c1,1,bioisostere,add-N,Cc1oc(-c2ccc(C(F)(F)F)cc2)nc1COc1cccc(/C(=C/Cn2oc(=O)[nH]c2=O)C(C)(C)C)c1,3 4 5,O=c1[nH]c(=O)n(C/C=C/c2cccc(OCc3coc(-c4ccccc4)n3)c2)o1,train,544.5300000000003,4.726120000000004,0.30780244635513787,39,72
subcategory_bioisostere.add-N_297,CCOC(=O)[C@H](CCN)N[C@@H](C)C(=O)N1[C@H](C(=O)O)C[C@H]2CCCC[C@@H]21,1,bioisostere,add-N,CCOC(=O)[C@H](CCc1ccccc1)N[C@@H](C)C(=O)N1[C@H](C(=O)O)C[C@H]2CCCC[C@@H]21.Cl,3,O=C(CNCCCc1ccccc1)N1CC[C@H]2CCCC[C@@H]21,train,369.4620000000002,0.4893000000000016,0.5322425500493659,26,67
subcategory_bioisostere.add-N_166,CC1(C)O[C@@H]2CC3C4CC(F)C5=CC(=O)C=CC5(C)[C@@]4(F)C(O)CC3(C)[C@]2(C(=O)C(N)=O)O1,1,bioisostere,add-N,CC1(C)O[C@@H]2CC3C4CC(F)C5=CC(=O)C=CC5(C)[C@@]4(F)C(O)CC3(C)[C@]2(C(=O)C(=O)OCCl)O1,2,O=C1C=CC2C(=C1)CCC1C2CCC2C1C[C@H]1OCOC21,train,465.4930000000003,1.8597999999999997,0.6017509634919966,33,80
subcategory_bioisostere.add-N_218,NSc1nc2[nH]ncc2c(=O)[nH]1,1,bioisostere,add-N,NC(=O)CSc1nc2[nH]ncc2c(=O)[nH]1,1,O=c1[nH]cnc2[nH]ncc12,test,183.196,-0.3880000000000003,0.412725385148419,12,25
subcategory_bioisostere.add-N_307,C=C(c1ccccc1Cl)c1c(NCCN)ccc([N+](=O)[O-])c1F,1,bioisostere,add-N,C=C(c1ccccc1Cl)c1c(NC(=O)C(C)C)ccc([N+](=O)[O-])c1F,3,C=C(c1ccccc1)c1ccccc1,train,335.766,3.8194000000000017,0.6208110959917976,23,44
subcategory_bioisostere.add-N_50,O=C1N(CCO)CCN1/N=C/c1ccc([N+](=O)[O-])o1,0,authentic,authentic,,,O=C1NCCN1/N=C/c1ccco1,train,268.229,0.25160000000000027,0.4670026914170989,19,40
subcategory_bioisostere.add-N_290,CCCc1nc(N)c(C(=O)O)n1Cc1ccc(-c2ccccc2C(=O)O)cc1,1,bioisostere,add-N,CCCc1nc(C(O)(CC)CC)c(C(=O)O)n1Cc1ccc(-c2ccccc2C(=O)O)cc1,1,c1ccc(-c2ccc(Cn3ccnc3)cc2)cc1,train,379.4160000000001,3.5295000000000014,0.577787771311249,28,47
subcategory_bioisostere.add-N_299,NCCN=C(N)Nc1cc(F)ccc1Cl,1,bioisostere,add-N,NC(=NC1CC1)Nc1cc(F)ccc1Cl,0 1 2,C(=NC1CC1)Nc1ccccc1,train,230.67399999999998,1.1643999999999999,0.538892251911721,15,23
subcategory_bioisostere.add-N_244,CN(C)CCN(N=O)C(=O)Nc1ccc(C(=O)N(C)C)cc1,1,bioisostere,add-N,CN(C)C(=O)c1ccc(NC(=O)N(CCCl)N=O)cc1,3 4 5,c1ccccc1,train,307.35400000000004,1.4653,0.6367267566585478,22,39
subcategory_bioisostere.add-N_155,NS(=O)(=O)Oc1ccc2c(c1)OC(=O)CC2,0,authentic,authentic,,,O=C1CCc2ccccc2O1,train,243.23999999999995,0.12049999999999961,0.5875878177600383,16,31
subcategory_bioisostere.add-N_245,COc1ccc(-c2ccc(C#Cc3ccc(OCCNCCCN)cc3)nc2)cc1,1,bioisostere,add-N,COc1ccc(-c2ccc(C#Cc3ccc(OCCN4CCCC4)cc3)nc2)cc1,0 1 2 3 4,C(#Cc1ccc(-c2ccccc2)cn1)c1ccc(OCCN2CCCC2)cc1,test,401.5100000000001,3.4742000000000015,0.4244158668159655,30,44
subcategory_bioisostere.add-N_65,Nc1c(Cl)cc(Cl)c(NC2=NCCN2)c1F,0,authentic,authentic,,,c1ccc(NC2=NCCN2)cc1,train,263.103,2.0858,0.6796337873863956,16,29
subcategory_bioisostere.add-N_48,CC1CCC(C(CN)CC(=O)O)CC1.Cl,0,authentic,authentic,,,C1CCCCC1,train,235.755,2.2841,0.7860198075070276,15,26
subcategory_bioisostere.add-N_98,CCN(CC)CCNC(=O)c1ccc(NC(=O)COc2ccccc2)c(OC)c1,0,authentic,authentic,,,O=C(COc1ccccc1)Nc1ccccc1,train,399.49100000000016,2.7843,0.6074066739616457,29,45
subcategory_bioisostere.add-N_201,N#CCC(O)c1cccc(OCc2cccnc2)c1,1,bioisostere,add-N,CCCCCC(O)c1cccc(OCc2cccnc2)c1,2,c1ccc(OCc2cccnc2)cc1,train,254.289,2.60768,0.8902178844287306,19,28
subcategory_bioisostere.add-N_240,CN(C)CCN(CCN(C)C)C1=Nc2cc(F)ccc2Nc2cscc21,1,bioisostere,add-N,CN1CCN(C2=Nc3cc(F)ccc3Nc3cscc32)CC1,0 1 2 3 4 5 7 10 14 20 21,c1ccc2c(c1)N=C(N1CCNCC1)c1cscc1N2,train,375.51700000000005,3.447700000000002,0.838621874200417,26,41
subcategory_bioisostere.add-N_151,O=c1oc(Nc2c(Cl)cccc2Cl)nc2ccccc12,0,authentic,authentic,,,O=c1oc(Nc2ccccc2)nc2ccccc12,train,307.136,4.238400000000002,0.7691646319178304,20,33
subcategory_bioisostere.add-N_274,NC1(c2ccc(Br)cc2)NC(=O)NC1=O,1,bioisostere,add-N,CC1(c2ccc(Br)cc2)NC(=O)NC1=O,1,O=C1NC(=O)C(c2ccccc2)N1,train,270.086,0.4,0.6456688321152203,15,28
subcategory_bioisostere.add-N_88,O=[N+]([O-])c1cc2c(ccc3ccccc32)o1,0,authentic,authentic,,,c1ccc2c(c1)ccc1occc12,train,213.19199999999998,3.494200000000001,0.4588339118278573,16,33
subcategory_bioisostere.add-N_111,N[C@@H](CC(=O)N1CCn2c(nnc2CC(F)(F)F)C1)Cc1cc(F)ccc1F,0,authentic,authentic,,,O=C(CCCc1ccccc1)N1CCn2cnnc2C1,train,403.35500000000013,1.9633999999999994,0.7748292589074418,28,52
subcategory_bioisostere.add-N_183,NC(=O)c1cccc(Oc2ccccc2)c1,1,bioisostere,add-N,O=C(O)c1cccc(Oc2ccccc2)c1,2,c1ccc(Oc2ccccc2)cc1,train,213.236,2.5778000000000008,0.8514183278143493,16,25
subcategory_bioisostere.add-N_181,COC(=O)CC/C=C\CC[C@H]1C(=O)C[C@@H](O)[C@@H]1/C=C/CC(C)(O)CCCCN,1,bioisostere,add-N,CCCCC(C)(O)C/C=C/[C@H]1[C@H](O)CC(=O)[C@@H]1CC/C=C\CCC(=O)OC,3,O=C1CCCC1,train,395.5400000000003,2.6684,0.251207229084124,28,62
subcategory_bioisostere.add-N_239,NCn1c(Br)nc2c(N)ncnc21,1,bioisostere,add-N,CC(O)Cn1c(Br)nc2c(N)ncnc21,1,c1ncc2nc[nH]c2n1,train,243.06799999999998,0.08719999999999961,0.69156907438102,13,22
subcategory_bioisostere.add-N_148,Cc1cnc(CS(=O)c2nc3ccc(C(F)(F)F)cc3[nH]2)cc1OCc1ccccc1,0,authentic,authentic,,,O=S(Cc1cc(OCc2ccccc2)ccn1)c1nc2ccccc2[nH]1,train,445.4660000000001,5.171920000000004,0.4445668310461156,31,53
subcategory_bioisostere.add-N_193,NCOC(=O)C(c1ccccc1)C1CCCCN1,1,bioisostere,add-N,COC(=O)C(c1ccccc1)C1CCCCN1.Cl,2,c1ccc(CC2CCCCN2)cc1,val,248.32599999999996,1.3717,0.6237554913496833,18,27
subcategory_bioisostere.add-N_66,CCOC(=O)O[C@]1(C(=O)OCCl)CC[C@H]2[C@@H]3CCC4=CC(=O)C=C[C@]4(C)[C@H]3[C@@H](O)C[C@@]21C,0,authentic,authentic,,,O=C1C=CC2C(=C1)CC[C@H]1[C@@H]3CCCC3CC[C@H]21,train,466.95800000000025,3.9165000000000028,0.49480398580664986,32,86
subcategory_bioisostere.add-N_29,COCC(=O)N(c1ccccc1F)C1CCN(CCc2ccccc2)CC1C,0,authentic,authentic,,,c1ccc(CCN2CCC(Nc3ccccc3)CC2)cc1,train,384.4950000000001,3.758200000000003,0.7287445155490613,28,41
subcategory_bioisostere.add-N_7,Nc1nc(O)c2cc(Sc3ccc4ccccc4c3)ccc2n1,0,authentic,authentic,,,c1ccc2cc(Sc3ccc4ncncc4c3)ccc2c1,train,319.389,4.222000000000001,0.5785163571884638,23,35
subcategory_bioisostere.add-N_237,NCC(O)(Cn1cncn1)c1ccc(Cl)cc1,1,bioisostere,add-N,CC(C)CC(=O)C(O)(Cn1cncn1)c1ccc(Cl)cc1,2,c1ccc(CCn2cncn2)cc1,train,252.705,0.7780000000000002,0.8430734346332583,17,28
subcategory_bioisostere.add-N_137,CCC1N=C(c2ccccc2Cl)c2cc(N)ccc2N(C)C1=O,0,authentic,authentic,,,O=C1CN=C(c2ccccc2)c2ccccc2N1,train,327.81500000000005,3.5146000000000015,0.8579413334990065,23,38
subcategory_bioisostere.add-N_169,Cc1c(-c2cccnc2)c(C#N)cc2oc(=O)cc(-c3ccccc3)c12,1,bioisostere,add-N,Cc1cc2oc(=O)cc(-c3ccccc3)c2c(C)c1-c1cccnc1,2,O=c1cc(-c2ccccc2)c2cc(-c3cccnc3)ccc2o1,val,338.36600000000004,4.702100000000003,0.49678469806681247,26,46
subcategory_bioisostere.add-N_130,CC12CCC(=O)C=C1CCC1C2C(O)CC2(C)C1CC[C@]2(O)C(=O)CO[C@@H]1O[C@@H](CO)[C@@H](O)[C@H](O)[C@H]1O,0,authentic,authentic,,,O=C1C=C2CCC3C(CCC4C(C(=O)CO[C@H]5CCCCO5)CCC43)C2CC1,train,524.6070000000003,-0.3941999999999983,0.27782773875981814,37,92
subcategory_bioisostere.add-N_227,Cn1c(=O)nc(Nc2ccc(Oc3ccnc(C#N)c3)cc2)n(Cc2ccc(Cl)cc2)c1=O,1,bioisostere,add-N,COC(=O)c1cc(Oc2ccc(Nc3nc(=O)n(C)c(=O)n3Cc3ccc(Cl)cc3)cc2)ccn1,2,O=c1nc(Nc2ccc(Oc3ccncc3)cc2)n(Cc2ccccc2)c(=O)[nH]1,train,460.88100000000014,3.4462800000000016,0.46822560660053764,33,57
subcategory_bioisostere.add-N_167,CCC(CCN)NC(=O)CN1C(=O)NC(c2ccccc2)(c2ccccc2)C1=O,1,bioisostere,add-N,O=C(CN1C(=O)NC(c2ccccc2)(c2ccccc2)C1=O)NC1CCCCC1,0 1 2 3 5 7,O=C(CN1C(=O)NC(c2ccccc2)(c2ccccc2)C1=O)NC1CCCCC1,train,394.47500000000014,1.7256000000000014,0.5931399055616667,29,48
subcategory_bioisostere.add-N_17,COc1ccc(CCNCC(O)COc2cccc(C)c2)cc1OC.Cl,0,authentic,authentic,,,c1ccc(CCNCCCOc2ccccc2)cc1,train,381.90000000000015,3.0060200000000017,0.6194008169223145,26,38
subcategory_bioisostere.add-N_71,CC(C)CN(C[C@@H](O)[C@H](Cc1ccccc1)NC(=O)O[C@H]1CCNC1)S(=O)(=O)c1ccc(N)cc1,0,authentic,authentic,,,O=C(N[C@H](CCNS(=O)(=O)c1ccccc1)Cc1ccccc1)O[C@H]1CCNC1,test,504.6530000000003,1.9758000000000009,0.3438600681391408,35,73
subcategory_bioisostere.add-N_84,CC(C)NCC(O)COc1ccc(CCCOCC2CCC2)cc1.O=C(O)C(=O)O,0,authentic,authentic,,,c1ccc(CCCOCC2CCC2)cc1,train,425.52200000000016,2.3291999999999993,0.2969917640137579,30,47
subcategory_bioisostere.add-N_102,CNC(=O)CCNC(=O)[C@@H]1C[C@H](SC2=C(C(=O)O)N3C(=O)[C@H]([C@@H](C)O)[C@H]3[C@H]2C)CN1,0,authentic,authentic,,,O=C1C[C@H]2CC(S[C@H]3CCNC3)=CN12,train,440.52200000000016,-1.1438999999999964,0.29747290616270994,30,83
subcategory_bioisostere.add-N_49,COc1cc(C)cc(OC)c1OC(=O)C(CCSC)N1CCCC1,0,authentic,authentic,,,O=C(CN1CCCC1)Oc1ccccc1,train,353.48400000000015,3.1351200000000015,0.5285367703171873,24,37
subcategory_bioisostere.add-N_168,CN(C)CCN(C)c1cccc2c(S(=O)(=O)Nc3cnc(Cl)cn3)cccc12,1,bioisostere,add-N,CN(C)c1cccc2c(S(=O)(=O)Nc3cnc(Cl)cn3)cccc12,2 3 4 5,O=S(=O)(Nc1cnccn1)c1cccc2ccccc12,train,419.9380000000001,3.081800000000001,0.6336288021311454,28,49
subcategory_bioisostere.add-N_194,CN(C)CCc1ccn(-c2cc3nc(O)c(O)nc3cc2[N+](=O)[O-])c1,1,bioisostere,add-N,NCc1ccn(-c2cc3nc(O)c(O)nc3cc2[N+](=O)[O-])c1,2 3 4 5,c1ccn(-c2ccc3nccnc3c2)c1,train,343.3430000000001,1.8439999999999999,0.5359091990131192,25,49
subcategory_bioisostere.add-N_57,COCCNC(=O)N/N=C/c1ccc([N+](=O)[O-])o1,0,authentic,authentic,,,c1ccoc1,train,256.218,0.46730000000000016,0.33155654151485364,18,37
subcategory_bioisostere.add-N_58,Nc1ncnc2c1ncn2C1OC2COP(=O)(O)OC2C1O,0,authentic,authentic,,,O=[PH]1OCC2OC(n3cnc4cncnc43)CC2O1,train,329.209,-0.8174000000000006,0.5650671444317394,22,35
subcategory_bioisostere.add-N_215,[2H]C([2H])([2H])NCCCC1(c2ccc(F)cc2)OCc2cc(CN)ccc21,1,bioisostere,add-N,[2H]C([2H])([2H])NCCCC1(c2ccc(F)cc2)OCc2cc(C#N)ccc21,2,c1ccc(C2OCc3ccccc32)cc1,train,317.42230533400004,3.057800000000001,0.8051081992143927,23,51
subcategory_bioisostere.add-N_89,CC(=O)OC1CCC(NC(=O)N(CCF)N=O)CC1,0,authentic,authentic,,,C1CCCCC1,train,275.28000000000003,1.5231999999999999,0.4678576989275666,19,32
subcategory_bioisostere.add-N_117,O=C(NC1CCCC1)NS(=O)(=O)c1ccc(CCNC(=O)N2CCCCC2=O)cc1,0,authentic,authentic,,,O=C(NC1CCCC1)NS(=O)(=O)c1ccc(CCNC(=O)N2CCCCC2=O)cc1,train,436.5340000000003,1.8816999999999997,0.6279748888819825,30,51
subcategory_bioisostere.add-N_286,N#CCNC(=O)[C@H](Cc1ccccc1)NC(=O)OC#N,1,bioisostere,add-N,CC(C)(C)OC(=O)N[C@@H](Cc1ccccc1)C(=O)NCC#N,2,c1ccccc1,train,272.264,0.44475999999999943,0.595938743683005,20,36
subcategory_bioisostere.add-N_56,C=C(CCCC)OCCOCCN1CCN(C2=Nc3ccccc3Sc3ccccc32)CC1,0,authentic,authentic,,,c1ccc2c(c1)N=C(N1CCNCC1)c1ccccc1S2,train,465.6630000000002,5.584200000000005,0.33800535883147537,33,47
subcategory_bioisostere.add-N_313,Cn1cc(CN)c2cc(C(C)(C)C)ccc21,1,bioisostere,add-N,Cn1cc(CCN)c2cc(C(C)(C)C)ccc21,1,c1ccc2[nH]ccc2c1,train,216.328,2.9345000000000017,0.7803573940080751,16,28
subcategory_bioisostere.add-N_273,NC(=O)c1cc2n(n1)C(C(=O)O)Nc1cc(Cl)ccc1-2,1,bioisostere,add-N,CCOC(=O)c1cc2n(n1)C(C(=O)O)Nc1cc(Cl)ccc1-2,2,c1ccc2c(c1)NCn1nccc1-2,train,292.682,1.3110999999999995,0.7727401296754152,20,40
subcategory_bioisostere.add-N_97,CC(C)c1ccc2nc3sc(C(=O)O)cn3c(=O)c2c1,0,authentic,authentic,,,O=c1c2ccccc2nc2sccn12,train,288.32800000000003,2.7308000000000003,0.7866905240103194,20,36
subcategory_bioisostere.add-N_27,CCC(C#N)(CCCN(C)CCc1ccc(OC)c(OC)c1)c1ccc(OC)c(OC)c1,0,authentic,authentic,,,c1ccc(CCCCNCCc2ccccc2)cc1,train,440.58400000000023,4.8470800000000045,0.44377721152490207,32,51
subcategory_bioisostere.add-N_179,CC(C)c1nc(N(c2ccnn2C)S(C)(=O)=O)nc(-c2ccc(F)cc2)c1/C=C/[C@@H](O)C[C@@H](O)CC(N)=O,1,bioisostere,add-N,CC(C)c1nc(N(c2ccnn2C)S(C)(=O)=O)nc(-c2ccc(F)cc2)c1/C=C/[C@@H](O)C[C@@H](O)CC(=O)O,2,c1ccc(-c2ccnc(Nc3ccn[nH]3)n2)cc1,train,546.6250000000001,2.2378,0.3294411854453088,38,81
subcategory_bioisostere.add-N_40,CC(C)CN(C[C@@H](O)[C@H](Cc1ccccc1)NC(=O)O[C@@]1(C)CO[C@@]2(C)OCC[C@]21C)S(=O)(=O)c1ccc(NC(=O)CN(C)C)cc1,0,authentic,authentic,,,O=C(N[C@H](CCNS(=O)(=O)c1ccccc1)Cc1ccccc1)OC1COC2OCCC12,train,674.8610000000002,3.4635000000000025,0.2742705241441154,47,103
subcategory_bioisostere.add-N_301,C[C@H]1C(S[C@@H]2CN[C@H](CNS(N)(=O)=O)C2)=C(C(=O)O)N[C@H]1[C@@H](CN)C(=O)O,1,bioisostere,add-N,C[C@@H](O)[C@@H](C(=O)O)[C@@H]1NC(C(=O)O)=C(S[C@@H]2CN[C@H](CNS(N)(=O)=O)C2)[C@@H]1C,2,C1=C(S[C@H]2CCNC2)CCN1,train,423.51700000000017,-2.1931999999999965,0.2136913077132863,27,74
subcategory_bioisostere.add-N_208,CC(=O)c1ccc(OCCCCOc2cccc(C(=O)O)c2CN)c(C)c1O,1,bioisostere,add-N,CC(=O)c1ccc(OCCCCOc2cccc(C(=O)O)c2C)c(C)c1O,2,c1ccc(OCCCCOc2ccccc2)cc1,train,387.43200000000013,3.2981200000000013,0.42257234708639774,28,44
subcategory_bioisostere.add-N_192,Nn1c(=O)oc2cc(C(=O)c3ccccc3)ccc21,1,bioisostere,add-N,Cn1c(=O)oc2cc(C(=O)c3ccccc3)ccc21,1,O=C(c1ccccc1)c1ccc2[nH]c(=O)oc2c1,train,254.245,1.5393,0.5554550738139802,19,33
subcategory_bioisostere.add-N_171,CC(=O)NCCC(CC#N)=C1c2ccc(Cl)cc2CCc2c(O)ccnc21,1,bioisostere,add-N,CC(=O)N1CCC(=C2c3ccc(Cl)cc3CCc3c(O)ccnc32)CC1,0 1 2 3 4 6 9 14 21 22,c1ccc2c(c1)CCc1cccnc1C2=C1CCNCC1,train,381.86300000000017,3.7809800000000022,0.8433071076416395,27,45
subcategory_bioisostere.add-N_195,CCCC(=O)N(CC#N)C(=O)NCCc1ccc(S(=O)(=O)NC(=O)OCC)cc1,1,bioisostere,add-N,CCOC(=O)NS(=O)(=O)c1ccc(CCNC(=O)N2CC(C)=C(CC)C2=O)cc1,0 1 2 3 5 8 9 11 13,O=C1C=CCN1C(=O)NCCc1ccccc1,train,424.47900000000016,1.5257800000000001,0.5715433546304044,29,51
subcategory_bioisostere.add-N_243,NC(=O)C1=C(O)C(=O)N(Cc2cccs2)C1,1,bioisostere,add-N,CCOC(=O)C1=C(O)C(=O)N(Cc2cccs2)C1,2,O=C1C=CCN1Cc1cccs1,train,238.26799999999997,0.3876999999999999,0.798467780258499,16,31
subcategory_bioisostere.add-N_188,Cc1cc2ncc(-c3ccccc3)nc2cc1C#N,1,bioisostere,add-N,Cc1cc2ncc(-c3ccccc3)nc2cc1C,2,c1ccc(-c2cnc3ccccc3n2)cc1,train,245.28500000000003,3.4769000000000014,0.6591216638583413,19,29
subcategory_bioisostere.add-N_196,C/C(=N\c1nnc(-c2ccccc2C#N)s1)N1CCOCC1,1,bioisostere,add-N,C/C(=N\c1nnc(-c2ccccc2C)s1)N1CCOCC1,2,C(=Nc1nnc(-c2ccccc2)s1)N1CCOCC1,val,313.38600000000014,2.4588800000000006,0.6286954268309692,22,37
subcategory_bioisostere.add-N_6,C#CCN(Cc1ccc2nc(C)nc(O)c2c1)c1ccc(C(=O)NCC)cc1,0,authentic,authentic,,,c1ccc(NCc2ccc3ncncc3c2)cc1,train,374.4440000000001,3.0333200000000016,0.6486458035816999,28,46
subcategory_bioisostere.add-N_105,CC(C)CN(C[C@@H](O)[C@H](Cc1ccccc1)NC(=O)O[C@@H]1CO[C@@H]2OCC[C@@H]21)S(=O)(=O)c1ccc(N)cc1,0,authentic,authentic,,,O=C(N[C@H](CCNS(=O)(=O)c1ccccc1)Cc1ccccc1)O[C@@H]1CO[C@@H]2OCC[C@@H]21,train,547.6740000000003,2.3753,0.36442311667248123,38,89
subcategory_bioisostere.add-N_45,CCn1cc(C(=O)O)c(=O)c2ccc(C)nc21,0,authentic,authentic,,,O=c1cc[nH]c2ncccc12,test,232.23899999999998,1.4230200000000002,0.849523695002097,17,31
subcategory_bioisostere.add-N_238,C[C@H]1CN(CCc2ccccc2)CC[C@@H]1N(C(=O)CCN)c1ccccc1,1,bioisostere,add-N,CCC(=O)N(c1ccccc1)[C@H]1CCN(CCc2ccccc2)C[C@@H]1C.Cl,3,c1ccc(CCN2CCC(Nc3ccccc3)CC2)cc1,train,365.52100000000013,3.3215000000000012,0.8187924376955382,27,49
subcategory_bioisostere.add-N_60,Clc1ccc2c(c1Nc1ncnc3cc(OCCCN4CCOCC4)ccc13)OCO2,0,authentic,authentic,,,c1cc(Nc2ncnc3cc(OCCCN4CCOCC4)ccc23)c2c(c1)OCO2,test,442.90300000000036,3.856600000000003,0.5525889881706091,31,46
subcategory_bioisostere.add-N_39,CC(=O)N[C@H]1C(OC2CCCCC2)C=C(C(=O)O)C[C@@H]1N,0,authentic,authentic,,,C1=CC(OC2CCCCC2)CCC1,train,296.36699999999996,0.9510000000000003,0.7167031052141615,21,45
subcategory_bioisostere.add-N_191,NCCC(CCNCCC1CCc2cc(OCc3ccncc3)ccc2C1=O)c1ccccc1,1,bioisostere,add-N,O=C1c2ccc(OCc3ccncc3)cc2CCC1CCN1CCC(c2ccccc2)CC1,0 1 2 3 4 5 6 7 8 9 10 11 13,O=C1c2ccc(OCc3ccncc3)cc2CCC1CCN1CCC(c2ccccc2)CC1,train,457.6180000000001,4.908100000000005,0.378075531976915,34,47
subcategory_bioisostere.add-N_158,CO/N=C(\CN)[C@@H]1C[C@H](SC2=C(C(=O)O)N3C(=O)[C@H]([C@@H](C)O)[C@H]3[C@H]2C)CN1,0,authentic,authentic,,,O=C1C[C@H]2CC(S[C@H]3CCNC3)=CN12,train,398.48500000000007,-0.435099999999998,0.25739556455535256,27,79
subcategory_bioisostere.add-N_258,CC(C)(N)NCC(O)COC(=O)c1ccc(O)cc1,1,bioisostere,add-N,CC(C)(C)NCC(O)COC(=O)c1ccc(O)cc1,1,c1ccccc1,train,268.313,0.19429999999999964,0.43360578432882724,19,32
subcategory_bioisostere.add-N_253,CN(CCN(CCN)C(=O)c1cc2cc(F)ccc2[nH]1)c1ncccc1NC(C)(C)C,1,bioisostere,add-N,CC(C)(C)Nc1cccnc1N1CCN(C(=O)c2cc3cc(F)ccc3[nH]2)CC1,0 1 2 3 4 6 9 12 13 16 17 20 21 22 25 26 28 29 30,O=C(c1cc2ccccc2[nH]1)N1CCN(c2ccccn2)CC1,test,426.54000000000013,3.4497000000000018,0.5133073648665487,31,53
subcategory_bioisostere.add-N_199,CC(C)(N)NCC(O)COC(=O)c1cccc([N+](=O)[O-])c1,1,bioisostere,add-N,CC(C)(C)NCC(O)COC(=O)c1cccc([N+](=O)[O-])c1,1,c1ccccc1,train,297.31100000000004,0.39690000000000014,0.2873855822115198,21,43
subcategory_bioisostere.add-N_90,N#CN1CCC(NS(=O)(=O)c2ccccc2)C1,0,authentic,authentic,,,O=S(=O)(NC1CCNC1)c1ccccc1,train,251.311,0.5202799999999999,0.7948380980749432,17,30
subcategory_bioisostere.add-N_26,CC(CO)OCn1cnc2c(=O)[nH]c(N)nc21,0,authentic,authentic,,,O=c1[nH]cnc2[nH]cnc12,train,239.23499999999999,-0.9432999999999998,0.6329336396084996,17,31
subcategory_bioisostere.add-N_170,NCn1c(=O)c2nc(C=O)cn2c2ccccc21,1,bioisostere,add-N,CCn1c(=O)c2nc(C=O)cn2c2ccccc21,1,O=c1[nH]c2ccccc2n2ccnc12,train,242.238,0.37789999999999946,0.6583597604496687,18,30
subcategory_bioisostere.add-N_63,Cc1ccc(Sc2cncc3sc(C=O)cc23)cc1,0,authentic,authentic,,,c1ccc(Sc2cncc3sccc23)cc1,train,285.39300000000003,4.568420000000002,0.6603050164798502,19,30
subcategory_bioisostere.add-N_174,CC1CCC(NC(=O)NS(=O)(=O)c2ccc(C#N)c(F)c2)CC1,1,bioisostere,add-N,CCC1=C(C)CN(C(=O)NCCc2ccc(S(=O)(=O)NC(=O)NC3CCC(C)CC3)cc2F)C1=O,2,O=C(NC1CCCCC1)NS(=O)(=O)c1ccc(CCNC(=O)N2CC=CC2=O)cc1,train,339.39200000000005,2.26398,0.8821159740667806,23,43
subcategory_bioisostere.add-N_268,COc1cccc(-c2ccc3c(c2)CC[C@H](N)[C@@]3(O)c2cccc(OC)c2)c1,1,bioisostere,add-N,COc1cccc(-c2ccc3c(c2)CC[C@H](CN(C)C)[C@@]3(O)c2cccc(OC)c2)c1,1,c1ccc(-c2ccc3c(c2)CCCC3c2ccccc2)cc1,train,375.4680000000001,3.880200000000002,0.7263302817898912,28,55
subcategory_bioisostere.add-N_91,CNCCCC(C#N)(c1ccc(OC)c(OC)c1)C(C)C.Cl,0,authentic,authentic,,,c1ccccc1,train,326.868,3.542580000000003,0.742292631515158,22,37
subcategory_bioisostere.add-N_252,C=c1ccccc1=C(CN(C)CCCC(C#N)(c1ccc(OC)c(OC)c1)C(C)C)C(C=CC)CN,1,bioisostere,add-N,COc1ccc(C(C#N)(CCCN(C)CC2=c3ccccc3=CC3C=CC=CC23)C(C)C)cc1OC.Cl,0 1 2 3 4 5 7 8 10 11 14 15 16 18,C1=CC2C=c3ccccc3=C(CNCCCCc3ccccc3)C2C=C1,train,489.70400000000024,4.2453800000000035,0.42616959619428213,36,60
subcategory_bioisostere.add-N_203,NCCC(O)(Cn1cncn1)c1ccccc1Cl,1,bioisostere,add-N,O=C(c1ccccc1)C(O)(Cn1cncn1)c1ccccc1Cl,2 3,O=C(c1ccccc1)C(Cn1cncn1)c1ccccc1,test,266.73199999999997,1.1681,0.8516592888772291,18,27
subcategory_bioisostere.add-N_93,COC(=O)Nc1nc2cc(C(=O)NCc3ccco3)ccc2[nH]1,0,authentic,authentic,,,O=C(NCc1ccco1)c1ccc2[nH]cnc2c1,val,314.30100000000004,2.2641999999999998,0.6840891382403311,23,40
subcategory_bioisostere.add-N_78,CCCCC#Cc1ccc(OC)cc1CCCN(C)CCc1ccc(OC)c(OC)c1,0,authentic,authentic,,,c1ccc(CCCNCCc2ccccc2)cc1,train,423.5970000000002,5.3612000000000055,0.33959341529775366,31,44
subcategory_bioisostere.add-N_10,COc1ccc(C2CC(=O)N(Cc3ccc(F)cc3)c3ccccc3S2)cc1,0,authentic,authentic,,,O=C1CC(c2ccccc2)Sc2ccccc2N1Cc1ccccc1,train,393.48300000000006,5.604600000000004,0.5774202503271028,28,45
subcategory_bioisostere.add-N_32,Cc1ccc2c(c1)C(N1CCNCC1)=Nc1ccc(Cl)cc1N2,0,authentic,authentic,,,c1ccc2c(c1)N=C(N1CCNCC1)c1ccccc1N2,train,326.83099999999996,3.6889200000000013,0.7753517147423094,23,39
subcategory_bioisostere.add-N_110,CC(=O)[C@@]1(O)CCC2C3CCC4=CC(=O)CCC4(C)C3C(O)CC21C,0,authentic,authentic,,,O=C1C=C2CCC3C4CCCC4CCC3C2CC1,train,346.46700000000004,2.8092000000000015,0.7655135566014469,25,50
subcategory_bioisostere.add-N_285,N#COc1cc2c(O)cc(-c3ccccc3Cl)nc2cc1O,1,bioisostere,add-N,Oc1cc(-c2ccccc2Cl)nc2cc3c(cc12)OCO3,0 1 2 7,c1ccc(-c2ccc3cc4c(cc3n2)OCO4)cc1,val,312.71200000000005,3.826280000000001,0.702286751605126,22,35
subcategory_bioisostere.add-N_235,CCCc1nc(C(C)C)c(C(N)=O)n1Cc1ccc(-c2ccccc2-c2nn[nH]n2)cc1,1,bioisostere,add-N,CCCc1nc2c(n1Cc1ccc(-c3ccccc3-c3nn[nH]n3)cc1)C(=O)OC2(C)C,2 3 7 10 11,O=C1OCc2ncn(Cc3ccc(-c4ccccc4-c4nn[nH]n4)cc3)c21,train,429.5280000000001,3.9533000000000023,0.439891768836139,32,56
subcategory_bioisostere.add-N_149,c1ccc(Cc2noc(C3CN4CCC3CC4)n2)cc1,0,authentic,authentic,,,c1ccc(Cc2noc(C3CN4CCC3CC4)n2)cc1,train,269.34799999999996,2.4696000000000007,0.8581540773509828,20,32
subcategory_bioisostere.add-N_94,Oc1nc(S)nc2ccc(Sc3ccc4ccccc4c3)cc12,0,authentic,authentic,,,c1ccc2cc(Sc3ccc4ncncc4c3)ccc2c1,train,336.4410000000001,4.928500000000003,0.4024173134326496,23,35
subcategory_bioisostere.add-N_213,CCOC(=O)C1=C(COCCN)NC(C)=C(C(=O)OC)C1c1ccccc1Cl,1,bioisostere,add-N,CCOC(=O)C1=C(COCCCN2CCN(C)CC2)NC(C)=C(C(=O)OC)C1c1ccccc1Cl,1,C1=CC(c2ccccc2)C=C(COCCCN2CCNCC2)N1,train,408.88200000000006,2.266300000000001,0.5023259105130484,28,47
subcategory_bioisostere.add-N_9,O=C1Nc2ccc(Cl)cc2C12OCCS2,0,authentic,authentic,,,O=C1Nc2ccccc2C12OCCS2,train,241.69899999999996,2.2082999999999995,0.7569750365057146,15,25
subcategory_bioisostere.add-N_262,COc1ccc2nc(SCN)[nH]c2c1,1,bioisostere,add-N,CCCCCSc1nc2ccc(OC)cc2[nH]1,1,c1ccc2[nH]cnc2c1,train,209.274,1.5797999999999996,0.5947658192153541,14,23
subcategory_bioisostere.add-N_38,CC(=O)N1CCC(SC2=C(C(=O)O)N3C(=O)[C@H]([C@@H](C)O)[C@H]3C2)CC1,0,authentic,authentic,,,O=C1C[C@H]2CC(SC3CCNCC3)=CN12,test,354.42800000000017,0.6381999999999999,0.7191135791516146,24,61
subcategory_bioisostere.add-N_176,Nc1ccc(N(CC(=O)O)C(=O)c2ccccc2)cc1,1,bioisostere,add-N,Cc1ccc(N(CC(=O)O)C(=O)c2ccccc2)cc1,1,O=C(Nc1ccccc1)c1ccccc1,train,270.288,2.0002000000000004,0.8321997344775396,20,34
subcategory_bioisostere.add-N_226,CCC(CN(C)C)O[C@@H]1C=C(C(=O)OC)C[C@H](NC(=O)C(F)F)[C@H]1N,1,bioisostere,add-N,CCC(CC)O[C@@H]1C=C(C(=O)OC)C[C@H](NC(=O)C(F)F)[C@H]1N,1 2 3,C1=CCCCC1,train,363.40500000000003,0.29210000000000286,0.602370911389069,25,57
subcategory_bioisostere.add-N_19,CCCCCc1cc(O)c2c(c1)OC(C)(C)[C@@H]1CC=C(C)C[C@@H]21,0,authentic,authentic,,,C1=CC[C@H]2c3ccccc3OC[C@@H]2C1,train,314.46900000000005,5.735800000000006,0.5673159936374234,23,50
subcategory_bioisostere.add-N_28,COc1ccc(N(CC(=O)O)C(C)=O)cc1,0,authentic,authentic,,,c1ccccc1,train,223.228,1.1327,0.8305103312914641,16,28
subcategory_bioisostere.add-N_2,N[C@@H](Cc1ccccc1)C1=Cc2ccccc2C2=NCCCN12,0,authentic,authentic,,,C1=C(CCc2ccccc2)N2CCCN=C2c2ccccc21,train,303.4090000000001,3.0634000000000015,0.9465858613807863,23,40
subcategory_bioisostere.add-N_143,Fc1ccc(/C=N\Nc2nncc3ccccc23)cc1F,0,authentic,authentic,,,C(=N/Nc1nncc2ccccc12)/c1ccccc1,val,284.269,3.354000000000002,0.5924325498100717,21,32
subcategory_bioisostere.add-N_283,COc1cc(O)c2c(O)c3c(=O)oc(CC#N)cc3cc2c1,1,bioisostere,add-N,COc1cc(O)c2c(O)c3c(=O)oc(C)cc3cc2c1,2 3,O=c1occc2cc3ccccc3cc12,val,297.266,2.43208,0.7039567907139763,22,38
subcategory_bioisostere.add-N_180,CC(=O)NC(c1ccc2ccccc2c1)C1CCCCN1,1,bioisostere,add-N,COC(=O)C(c1ccc2ccccc2c1)C1CCCCN1,1 2 3 4,c1ccc2cc(CC3CCCCN3)ccc2c1,train,282.387,3.1591000000000014,0.9076609117252714,21,32
subcategory_bioisostere.add-N_141,CC(C)c1nc(N(C)S(C)(=O)=O)nc(-c2ccc(F)cc2)c1/C=C/[C@@H]1C[C@@H](O)CC(=O)O1,0,authentic,authentic,,,O=C1CCC[C@@H](/C=C/c2cncnc2-c2ccccc2)O1,train,463.53100000000023,2.8816000000000015,0.6561460187022886,32,73
subcategory_bioisostere.add-N_113,CC(C)=CCC/C(C)=C/CC/C(C)=C/CC/C(C)=C/Cc1c[nH]c2ccccc12,0,authentic,authentic,,,c1ccc2[nH]ccc2c1,train,389.62700000000007,8.856100000000003,0.36929716608357993,29,54
subcategory_bioisostere.add-N_276,NC(=O)c1cc2c3cc(-n4ccc(C=O)c4)c(Cl)cc3nc(O)n2n1,1,bioisostere,add-N,CCOC(=O)c1cc2c3cc(-n4ccc(C=O)c4)c(Cl)cc3nc(O)n2n1,2,c1ccn(-c2ccc3ncn4nccc4c3c2)c1,train,355.74100000000004,1.9435999999999996,0.5447529800540696,25,47
subcategory_bioisostere.add-N_305,CN(C)N(CCO[N+](=O)[O-])CC1Nc2cc(Cl)c(S(N)(=O)=O)cc2S(=O)(=O)N1,1,bioisostere,add-N,CN(CCO[N+](=O)[O-])CC1Nc2cc(Cl)c(S(N)(=O)=O)cc2S(=O)(=O)N1,1 2 3,O=S1(=O)NCNc2ccccc21,train,458.9060000000002,-0.9957999999999969,0.3230784746089289,28,62
subcategory_bioisostere.add-N_280,Cc1c(N2C[C@H](F)[C@@H](C3(N)CC3)C2)c(F)c(N)c2c(=O)c(C(=O)O)cn([C@H](C)C#N)c12,1,bioisostere,add-N,Cc1c(N2C[C@H](F)[C@@H](C3(N)CC3)C2)c(F)c(N)c2c(=O)c(C(=O)O)cn([C@@H]3C[C@@H]3F)c12,0 1 2 4,O=c1ccn(C2CC2)c2cc(N3CC[C@@H](C4CC4)C3)ccc12,val,431.4430000000001,2.0796,0.6300868354078084,31,77
subcategory_bioisostere.add-N_163,CC1(C#N)Cc2cc(Cl)cc(Cl)c2C=[N+]1[O-],1,bioisostere,add-N,CC1(C)Cc2cc(Cl)cc(Cl)c2C=[N+]1[O-],2,C1=[NH+]CCc2ccccc21,train,255.10399999999998,2.760980000000001,0.5282747101387849,16,36
subcategory_bioisostere.add-N_33,CN(C)CCc1ccc(OCc2ccccc2)cc1,0,authentic,authentic,,,c1ccc(COc2ccccc2)cc1,train,255.361,3.3697000000000026,0.7844112996938899,19,27
subcategory_bioisostere.add-N_197,CCN(CN(C)C)CN1C(=O)CN=C(c2ccccc2Cl)c2cc([N+](=O)[O-])ccc21,1,bioisostere,add-N,O=C1CN=C(c2ccccc2Cl)c2cc([N+](=O)[O-])ccc2N1CN1CCCC1,0 1 2 3 4 6 8,O=C1CN=C(c2ccccc2)c2ccccc2N1CN1CCCC1,train,429.90800000000013,3.2307000000000023,0.3831173567011486,30,58
subcategory_bioisostere.add-N_85,Fc1ccc(C2CN=C(Nc3c(Cl)cccc3Cl)N2)cc1,0,authentic,authentic,,,c1ccc(NC2=NCC(c3ccccc3)N2)cc1,train,324.18600000000004,4.244900000000002,0.8665555031197387,21,36
subcategory_bioisostere.add-N_0,NCCNC(=S)Nc1c(Cl)cccc1Cl,0,authentic,authentic,,,c1ccccc1,train,264.18100000000004,2.2385,0.7327363899692767,15,24
subcategory_bioisostere.add-N_11,COP(=O)(COCCOn1cnc2c(N)ncnc21)OC,0,authentic,authentic,,,c1ncc2nc[nH]c2n1,train,317.2420000000001,0.2970999999999996,0.5402085045962692,21,32
subcategory_bioisostere.add-N_70,C/C(CC1CCc2c(cccc2OCC(=O)O)C1)=N\OCc1ccccc1,0,authentic,authentic,,,C(CC1CCc2ccccc2C1)=NOCc1ccccc1,val,367.4450000000001,4.237700000000003,0.5597185714745005,27,43
subcategory_bioisostere.add-N_212,CCc1cc2c(s1)Nc1ccc(F)cc1N=C2N(CCNCc1ccccc1)CCN(C)C,1,bioisostere,add-N,CCc1cc2c(s1)Nc1ccc(F)cc1N=C2N1CCN(Cc2ccccc2)CC1.Cl.Cl,0 1 2 3 4 5 7 10 14 20 24 28 29 30 31 32,c1ccc(CN2CCN(C3=Nc4ccccc4Nc4sccc43)CC2)cc1,train,465.6420000000003,5.238300000000005,0.4244034753306767,33,50
subcategory_bioisostere.add-N_108,CC(C)CC(C(=O)NO)C(=O)NCCc1ccccc1,0,authentic,authentic,,,c1ccccc1,train,278.352,1.513,0.4017511622939822,20,32
subcategory_bioisostere.add-N_162,CNC(=O)c1cc(Oc2ccc(Nc3nc(=O)n(N)c(=O)n3Cc3ccc(Cl)cc3)cc2F)ccn1,1,bioisostere,add-N,CNC(=O)c1cc(Oc2ccc(Nc3nc(=O)n(C)c(=O)n3Cc3ccc(Cl)cc3)cc2F)ccn1,1,O=c1nc(Nc2ccc(Oc3ccncc3)cc2)n(Cc2ccccc2)c(=O)[nH]1,train,511.90100000000024,2.2500999999999998,0.32013265562852256,36,62
subcategory_bioisostere.add-N_23,O=C1[C@H](c2ccc(F)cc2)[C@@H](c2ccc(O)cc2)N1CC[C@H](O)c1ccc(F)cc1,0,authentic,authentic,,,O=C1[C@H](c2ccccc2)[C@@H](c2ccccc2)N1CCCc1ccccc1,test,409.4320000000002,4.4612000000000025,0.5911720257867029,30,64
subcategory_bioisostere.add-N_13,COc1cccc2c1CCC[C@H]2CN(C)CCc1ccc2sccc2c1,0,authentic,authentic,,,c1ccc2c(c1)CCC[C@H]2CNCCc1ccc2sccc2c1,train,365.542,5.504300000000006,0.5714106619168194,26,40
subcategory_bioisostere.add-N_216,NCCn1c(=O)c2cc(C(=O)O)nn2c2ccccc21,1,bioisostere,add-N,Cn1c(=O)c2cc(C(=O)O)nn2c2ccccc21,2 3,O=c1[nH]c2ccccc2n2nccc12,train,272.264,0.3061,0.7137788495926736,20,34
subcategory_bioisostere.add-N_232,COC(=O)C1=C(C)NC(C)=C(C(=O)OCC(CCN)OC)C1c1cccc(Cl)c1,1,bioisostere,add-N,COC(=O)C1=C(C)NC(C)=C(C(=O)OCC2CCCO2)C1c1cccc(Cl)c1,0 1 2 3 5 7,O=C(OCC1CCCO1)C1=CNC=CC1c1ccccc1,test,422.9090000000001,2.6548000000000016,0.6209240867740332,29,52
subcategory_bioisostere.add-N_231,NC(=O)c1cn(C(CO)c2ccccc2)cn1,1,bioisostere,add-N,COC(=O)c1cn(C(CO)c2ccccc2)cn1,2,c1ccc(Cn2ccnc2)cc1,train,231.25500000000002,0.5637,0.806452714753654,17,28
subcategory_bioisostere.add-N_128,CCOC(=O)NNc1nncc2ccccc12.[Cl-],0,authentic,authentic,,,c1ccc2cnncc2c1,train,267.696,-1.293199999999999,0.6768500626537293,18,30
subcategory_bioisostere.add-N_250,CN(C#N)[C@@H]1CC=C(c2c[nH]c3ccc(C#N)cc23)CC1,1,bioisostere,add-N,CN(C)[C@@H]1CC=C(c2c[nH]c3ccc(C#N)cc23)CC1,2,C1=C(c2c[nH]c3ccccc23)CCCC1,train,276.3430000000001,3.3883600000000014,0.6750216274585045,21,44
subcategory_bioisostere.add-N_266,CCc1cc2c(s1)Nc1ccc(F)cc1N=C2N(CC#N)CCNCCCO,1,bioisostere,add-N,CCc1cc2c(s1)Nc1ccc(F)cc1N=C2N1CCN(CCCO)CC1,0 1 2 3 5 8 12 18 22 26 27,c1ccc2c(c1)N=C(N1CCNCC1)c1ccsc1N2,train,401.51100000000025,3.3824800000000024,0.4665149971854547,28,42
subcategory_bioisostere.add-N_303,COC(=O)C(C)(C)CCCOc1ccc(C)c(OCCCN)c1,1,bioisostere,add-N,COC(=O)C(C)(C)CCCOc1ccc(C)c(OCCCC(C)(C)C(=O)OC)c1,1,c1ccccc1,train,323.4330000000001,3.080820000000001,0.5290854822535834,23,36
subcategory_bioisostere.add-N_175,COC(=O)CNS(=O)(=O)c1ccc(CC#N)cc1,1,bioisostere,add-N,CCC1=C(C)CN(C(=O)NCCc2ccc(S(=O)(=O)NCC(=O)OC)cc2)C1=O,2,O=C1C=CCN1C(=O)NCCc1ccccc1,train,268.294,0.2039799999999996,0.7696218126603257,18,32
subcategory_bioisostere.add-N_107,CCc1nc(N)nc(N)c1-c1ccc(Cl)cc1,0,authentic,authentic,,,c1ccc(-c2cncnc2)cc1,val,248.71700000000004,2.5238000000000005,0.8561371493463951,17,29
subcategory_bioisostere.add-N_144,CCOC(=O)C(CCc1ccccc1)N[C@@H](C)C(=O)N1CCC[C@H]1C(=O)O,0,authentic,authentic,,,O=C(CNCCCc1ccccc1)N1CCCC1,train,376.45300000000026,1.6046,0.6358354158694681,27,53
subcategory_bioisostere.add-N_139,NC(CCCCCS(=O)(=O)c1ccccc1O)C(=O)O,0,authentic,authentic,,,c1ccccc1,train,301.36400000000003,1.1381999999999997,0.619630497278241,20,33
subcategory_bioisostere.add-N_79,CCC1=C(/C=C/C(C)=C/C=C/C(C)=C/C(=O)O)C(C)(C)CCC1,0,authentic,authentic,,,C1=CCCCC1,train,314.4690000000001,5.9927000000000055,0.482511256129617,23,48
subcategory_bioisostere.add-N_54,C=C(C)CC(C)OC(=O)c1ccccc1O,0,authentic,authentic,,,c1ccccc1,train,220.268,2.903700000000002,0.6265253997392031,16,26
subcategory_bioisostere.add-N_59,O=[N+]([O-])c1ccc2c(c1)C(c1c(Cl)cccc1Cl)=NCCN2,0,authentic,authentic,,,c1ccc(C2=NCCNc3ccccc32)cc1,val,336.17800000000005,4.164500000000002,0.6611952888545465,22,46
subcategory_bioisostere.add-N_281,CC(C)c1nc(N(C)S(C)(=O)=O)nc(-c2ccc(F)cc2)c1/C=C/[C@@H](O)CC(N)=O,1,bioisostere,add-N,CC(C)c1nc(N(C)S(C)(=O)=O)nc(-c2ccc(F)cc2)c1/C=C/[C@@H](O)CC(=O)O,2,c1ccc(-c2ccncn2)cc1,train,436.5090000000002,2.0514,0.652129053355416,30,64
subcategory_bioisostere.add-N_68,CC1CCC(NC(=O)NS(=O)(=O)c2ccc(C(C)NC(=O)N3CCCCC3=O)cc2)C1,0,authentic,authentic,,,O=C(NC1CCCC1)NS(=O)(=O)c1ccc(CNC(=O)N2CCCCC2=O)cc1,test,450.5610000000003,2.646200000000001,0.6360255290288487,31,56
subcategory_bioisostere.add-N_53,C=CCC1Oc2cccc(NC)c2-c2ccc3c(c21)C(C)=CC(C)(C)N3,0,authentic,authentic,,,C1=Cc2c(ccc3c2COc2ccccc2-3)NC1,train,346.47400000000005,6.012300000000004,0.6675025944074193,26,47
subcategory_bioisostere.add-N_292,CC(CN(C)CCc1ccc2c(c1)OCO2)c1cccc(O)c1CCCN,1,bioisostere,add-N,CN(CCc1ccc2c(c1)OCO2)CC1CCCc2c(O)cccc21,0 1 2 3 4 5 6 7 8 9 10 11 13,c1ccc2c(c1)CCCC2CNCCc1ccc2c(c1)OCO2,test,370.49300000000017,3.2902000000000013,0.708906780770505,27,41
subcategory_bioisostere.add-N_288,CCC(=O)NC1CN=C(Nc2ccc(Oc3ccnc(C(N)=O)c3)cc2)N(Cc2ccc(Cl)cc2)C1=O,1,bioisostere,add-N,CCC(=O)NC1CN=C(Nc2ccc(Oc3ccnc(C(=O)OC)c3)cc2)N(Cc2ccc(Cl)cc2)C1=O,2,O=C1CCN=C(Nc2ccc(Oc3ccncc3)cc2)N1Cc1ccccc1,train,520.9770000000002,3.3313000000000006,0.4160888531937154,37,64
subcategory_bioisostere.add-N_270,NC(=O)C(c1ccccc1)C1CCCC[NH2+]1,1,bioisostere,add-N,COC(=O)C(c1ccccc1)C1CCCC[NH2+]1.[Cl-],2,c1ccc(CC2CCCC[NH2+]2)cc1,train,219.30799999999994,0.37139999999999984,0.7579263038330633,16,30
subcategory_bioisostere.add-N_154,COc1cc(C(F)(F)F)ccc1O[C@@H](c1ccccc1)[C@@H]1CNCCO1,0,authentic,authentic,,,c1ccc(O[C@@H](c2ccccc2)[C@@H]2CNCCO2)cc1,train,367.3670000000002,3.8225000000000033,0.872170770818756,26,50
subcategory_bioisostere.add-N_224,COc1ccc(CCNN)cc1OC,1,bioisostere,add-N,COc1ccc(CCN[C@H](C)[C@@H](O)COc2ccccc2)cc1OC.Cl,1,c1ccc(CCNCCCOc2ccccc2)cc1,train,196.24999999999997,0.7096,0.5376630241422402,14,18
subcategory_bioisostere.add-N_80,NC(=O)C(=O)NN=Cc1ccc([N+](=O)[O-])o1,0,authentic,authentic,,,c1ccoc1,train,226.148,-0.8767999999999989,0.29774412985299664,16,36
subcategory_bioisostere.add-N_145,CS(=O)(=O)c1ccc(-c2cc(Cl)cnc2-c2ccc(C(=O)O)nc2)cc1,0,authentic,authentic,,,c1ccc(-c2cccnc2-c2cccnc2)cc1,train,388.8320000000001,3.5657000000000023,0.7333601895262486,26,50
subcategory_bioisostere.add-N_189,NC[C@@]1(CC(N)=O)CC[C@H]2CCCCC[C@@H]2C1,1,bioisostere,add-N,NC[C@@]1(CC(=O)O)CC[C@H]2CCCCC[C@@H]2C1,2,C1CC[C@@H]2CCCC[C@H]2CC1,test,238.37499999999991,2.1872999999999996,0.7909688218733893,17,39
subcategory_bioisostere.add-N_125,CCC(CC)C(=O)OCC1CN(Cc2cc(OC)c(OC)c(OC)c2)CCN1Cc1cc(OC)c(OC)c(OC)c1,0,authentic,authentic,,,c1ccc(CN2CCN(Cc3ccccc3)CC2)cc1,train,574.7150000000004,4.4040000000000035,0.2852774192285621,41,66
subcategory_bioisostere.add-N_316,CC(C)c1nc(N(C)S(C)(=O)=O)nc(-c2ccc(F)cc2)c1/C=C/C(=O)C[C@@H](O)CC(N)=O,1,bioisostere,add-N,CC(C)c1nc(N(C)S(C)(=O)=O)nc(-c2ccc(F)cc2)c1/C=C/C(=O)C[C@@H](O)CC(=O)O,2,c1ccc(-c2ccncn2)cc1,train,478.5460000000003,2.0106,0.49717291301136224,33,70
subcategory_bioisostere.add-N_178,COc1ccc(Cl)cc1C(=O)NCCc1ccc(S(=O)(=O)NC(=O)N[CH]CCC[C@@H](O)CCN)cc1,1,bioisostere,add-N,COc1ccc(Cl)cc1C(=O)NCCc1ccc(S(=O)(=O)NC(=O)N[C@@H]2CCC[C@@H](O)C2)cc1,0 1 2 3 4 5 6 7 8,O=C(NC1CCCCC1)NS(=O)(=O)c1ccc(CCNC(=O)c2ccccc2)cc1,test,540.0620000000002,2.35079,0.23022654040273263,36,67
subcategory_bioisostere.add-N_293,CC1CN(CCc2ccccc2)CCC1N(N)c1ccccc1,1,bioisostere,add-N,COCC(=O)N(c1ccccc1)C1CCN(CCc2ccccc2)CC1C,1,c1ccc(CCN2CCC(Nc3ccccc3)CC2)cc1,train,309.457,3.3198000000000016,0.6791361461594088,23,33
subcategory_bioisostere.add-N_295,NC(=O)C1=C(O)C(=O)N(CCc2ccccc2)C1,1,bioisostere,add-N,CCOC(=O)C1=C(O)C(=O)N(CCc2ccccc2)C1,2,O=C1C=CCN1CCc1ccccc1,train,246.26599999999996,0.3686999999999998,0.8046025597171061,18,33
subcategory_bioisostere.add-N_259,N#CCNCC(=O)N/N=C/c1ccc([N+](=O)[O-])o1,1,bioisostere,add-N,CCCNCC(=O)N/N=C/c1ccc([N+](=O)[O-])o1,3,c1ccoc1,train,251.202,-0.24892000000000003,0.2352445374621589,18,38
subcategory_bioisostere.add-N_109,Cc1nnc(C(F)(F)F)n1C1CCN(C(=O)C[C@H](N)Cc2cc(F)c(F)cc2F)CC1.Cl,0,authentic,authentic,,,O=C(CCCc1ccccc1)N1CCC(n2cnnc2)CC1,val,485.8600000000002,3.568020000000002,0.5187245753338279,32,61
subcategory_bioisostere.add-N_275,CNC(=O)c1cc(Oc2ccc(NC(=O)N(C#N)C(=O)N(C)c3ccc(Cl)c(C(F)(F)F)c3)cc2)ccn1,1,bioisostere,add-N,CNC(=O)c1cc(Oc2ccc(NC(=O)N3CCN(c4ccc(Cl)c(C(F)(F)F)c4)C3=O)cc2)ccn1,0 1 2 4 7 8 10 11 14 15 18 19 21 22 24 25 26 27,O=C(Nc1ccc(Oc2ccncc2)cc1)N1CCN(c2ccccc2)C1=O,train,546.8930000000001,5.4770800000000035,0.3221978270432332,38,71
subcategory_bioisostere.add-N_302,CCN(C)CCN1C(=O)[C@H](ON)[C@H](c2ccc(OC)cc2)Sc2ccccc21,1,bioisostere,add-N,CCN(C)CCN1C(=O)[C@H](OC(C)=O)[C@H](c2ccc(OC)cc2)Sc2ccccc21,1,O=C1C[C@H](c2ccccc2)Sc2ccccc2N1,train,401.5320000000001,3.0858000000000025,0.7193894801527604,28,53
subcategory_bioisostere.add-N_51,Nc1nc2c(ncn2COCCCO)c(=O)[nH]1,0,authentic,authentic,,,O=c1[nH]cnc2[nH]cnc12,train,239.23499999999996,-0.9417000000000002,0.579110741605706,17,29
subcategory_bioisostere.add-N_310,CN(C)CCC1CC2C3CCC4=CC(=O)C=CC4(C)C3(Cl)C(O)CC2(C)C1(O)C(=O)CO,1,bioisostere,add-N,CC1CC2C3CCC4=CC(=O)C=CC4(C)C3(Cl)C(O)CC2(C)C1(O)C(=O)CO,2 3 4 5,O=C1C=CC2C(=C1)CCC1C3CCCC3CCC21,test,466.0180000000002,2.0968000000000004,0.5377344725435731,32,61
subcategory_bioisostere.add-N_4,NCC1CN(C2=Nc3ccccc3Sc3ccccc32)CCN1CCOCCO,0,authentic,authentic,,,c1ccc2c(c1)N=C(N1CCNCC1)c1ccccc1S2,train,412.5590000000003,2.1833000000000005,0.7087774101610929,29,40
subcategory_bioisostere.add-N_37,Cc1ccc(Cl)c(Cl)c1NC1=NCCN1,0,authentic,authentic,,,c1ccc(NC2=NCCN2)cc1,train,244.125,2.6729199999999995,0.7962770262510155,15,26
subcategory_bioisostere.add-N_300,C=C[C@@]1(C)C(=CC#N)[C@@H](C)C[C@@H]2[C@@H]1[C@@H](O)C[C@@]1(C)[C@H]2CC[C@]1(O)C(=O)CC(C)=O,1,bioisostere,add-N,CC(=O)CC(=O)[C@@]1(O)CC[C@H]2[C@@H]3C[C@H](C)C4=CC(=O)C=C[C@]4(C)[C@H]3[C@@H](O)C[C@@]21C,0 1 2 9 12,O=C1C=CC2C(=C1)CC[C@H]1[C@@H]3CCCC3CC[C@H]21,train,399.53100000000023,3.361080000000002,0.42902049472359743,29,91
subcategory_bioisostere.add-N_234,CCOC(=O)[C@H](CCc1ccccc1)N[C@@H](C)C(=O)N1[C@H](CCN(C)C)C[C@H]2CCCC[C@@H]21,1,bioisostere,add-N,CCOC(=O)[C@H](CCc1ccccc1)N[C@@H](C)C(=O)N1[C@H](C(=O)O)C[C@H]2CCCC[C@@H]21.Cl,2 3 4 5,O=C(CNCCCc1ccccc1)N1CC[C@H]2CCCC[C@@H]21,train,457.65900000000045,3.6404000000000023,0.5142481117221204,33,75
subcategory_bioisostere.add-N_153,CCCCCCCCCS[C@H](C)[C@](O)(Cn1cncn1)c1ccc(F)cc1F,0,authentic,authentic,,,c1ccc(CCn2cncn2)cc1,train,411.56200000000007,5.316400000000007,0.45354292675345625,28,47
subcategory_bioisostere.add-N_67,C=C1C(=O)OC(c2ccccc2)(c2ccccc2)C1C(=O)OCC,0,authentic,authentic,,,C=C1CC(c2ccccc2)(c2ccccc2)OC1=O,test,322.3600000000001,3.222500000000002,0.6404904974332583,24,41
subcategory_bioisostere.add-N_202,C[C@H](NC(CCc1ccc(F)cc1)C(N)=O)C(=O)N1CCC[C@H]1C(=O)O,1,bioisostere,add-N,CCOC(=O)C(CCc1ccc(F)cc1)N[C@@H](C)C(=O)N1CCC[C@H]1C(=O)O,2,O=C(CNCCCc1ccccc1)N1CCCC1,train,365.40500000000014,0.6659000000000006,0.6265847557465056,26,53
subcategory_bioisostere.add-N_135,CCCN1CCCC(c2ccc(OC)c(OC)c2)C1,0,authentic,authentic,,,c1ccc(C2CCCNC2)cc1,train,263.38100000000003,3.2932000000000023,0.8133743607751582,19,29
subcategory_bioisostere.add-N_122,O=C(NC(CCO)c1ccccc1)c1cc(-c2ccccc2)nc2ccccc12,0,authentic,authentic,,,O=C(NCc1ccccc1)c1cc(-c2ccccc2)nc2ccccc12,train,382.4630000000001,4.755300000000003,0.5055697036731019,29,45
subcategory_bioisostere.add-N_160,N#CCNS(=O)(=O)c1ccc(-c2ccccc2)cc1,1,bioisostere,add-N,O=S(=O)(NCCc1c[nH]c2ccccc12)c1ccc(-c2ccccc2)cc1,3,O=S(=O)(NCCc1c[nH]c2ccccc12)c1ccc(-c2ccccc2)cc1,test,272.329,2.15548,0.8669447088046283,19,33
subcategory_bioisostere.add-N_104,O=NN(CCCl)C(=O)NC1C=CCCC1,0,authentic,authentic,,,C1=CCCCC1,train,231.683,2.0269000000000004,0.3483151394467181,15,25
subcategory_bioisostere.add-N_133,O=C1NC(=O)c2cc(Nc3ccc(F)cc3)c(Nc3ccc(F)cc3)cc21,0,authentic,authentic,,,O=C1NC(=O)c2cc(Nc3ccccc3)c(Nc3ccccc3)cc21,test,365.33900000000006,4.335600000000002,0.6019087024205132,27,47
subcategory_bioisostere.add-N_161,CS(=O)(=O)ON1C(=O)CC(N)C1=O,1,bioisostere,add-N,CC(C)CC1CC(=O)N(OS(C)(=O)=O)C1=O,1,O=C1CCC(=O)N1,train,208.195,-2.036199999999999,0.5239525926931758,13,27
subcategory_bioisostere.add-N_267,Cc1cc2c(s1)N(CCCCCN)c1ccccc1N=C2N1CCN(C)CC1,1,bioisostere,add-N,CCCCCCCCN1c2ccccc2N=C(N2CCN(C)CC2)c2cc(C)sc21,3,c1ccc2c(c1)N=C(N1CCNCC1)c1ccsc1N2,train,397.5920000000002,3.9627200000000027,0.775979022605867,28,43
subcategory_bioisostere.add-N_289,C[C@H](NCC(N)=O)C(=O)N1C[C@@H](C2CCCCC2)C[C@H]1C(=O)O,1,bioisostere,add-N,C[C@H](N[C@@H](CCc1ccccc1)C(=O)O)C(=O)N1C[C@@H](C2CCCCC2)C[C@H]1C(=O)O,3,O=C(CNCCCc1ccccc1)N1CC[C@H](C2CCCCC2)C1,val,325.40900000000005,0.33180000000000004,0.6513002679481436,23,53
subcategory_bioisostere.add-N_298,N#CCC1(Sc2ccccn2)SC(=O)NC1=O,1,bioisostere,add-N,O=C1NC(=O)C(CC#Cc2ccc(Cl)cc2)(Sc2ccccn2)S1,2,O=C1NC(=O)C(CC#Cc2ccccc2)(Sc2ccccn2)S1,train,265.319,1.7666799999999998,0.8963471077143823,17,28
subcategory_bioisostere.add-N_214,CCCC(=O)CC[C@H]1OC(=O)c2c1cc(ON)c(OC)c2O,1,bioisostere,add-N,CCCC(=O)CC[C@H]1OC(=O)c2c1cc(OC)c(OC)c2O,1,O=C1OCc2ccccc21,train,309.31800000000004,2.0142,0.5855393202672836,22,40
subcategory_bioisostere.add-N_41,CCN(CC)CC(=O)Nc1ccc(S(=O)(=O)N(CC(C)C)C[C@@H](O)[C@H](Cc2ccccc2)NC(=O)O[C@H]2CO[C@H]3OCC[C@H]32)cc1,0,authentic,authentic,,,O=C(N[C@H](CCNS(=O)(=O)c1ccccc1)Cc1ccccc1)O[C@H]1CO[C@H]2OCC[C@H]21,train,660.8340000000002,3.073400000000002,0.24729577541798134,46,99
subcategory_bioisostere.add-N_20,CC(C)Oc1ccc(Cc2cc([C@@H]3O[C@H](CO)[C@@H](O)[C@H](O)[C@H]3O)c3c(c2Cl)OCC3)cc1,0,authentic,authentic,,,c1ccc(Cc2cc3c(c([C@H]4CCCCO4)c2)CCO3)cc1,val,464.94200000000023,2.1677999999999997,0.5184614047536217,32,77
subcategory_bioisostere.add-N_315,CN1Cc2c(C(=O)OCCN)ncn2-c2ccsc2C1=O,1,bioisostere,add-N,CCCOC(=O)c1ncn2c1CN(C)C(=O)c1sccc1-2,3,O=C1NCc2cncn2-c2ccsc21,train,306.34700000000004,0.6349000000000006,0.8401979451170647,21,34
subcategory_bioisostere.add-N_296,N#CCC(Oc1ccc2cc(Br)ccc2c1)C(=O)O,1,bioisostere,add-N,O=C(O)C(Oc1ccc2cc(Br)ccc2c1)C(=O)O,2 3,c1ccc2ccccc2c1,val,320.14200000000005,3.3479800000000024,0.9376989943899483,19,32
subcategory_bioisostere.add-N_126,C=CCCC(=O)NCCc1ccc(S(=O)(=O)N2CCN(C3CCCCC3)C2=N)cc1,0,authentic,authentic,,,N=C1N(C2CCCCC2)CCN1S(=O)(=O)c1ccccc1,train,432.5900000000003,2.8852700000000002,0.5869186212782841,30,51
subcategory_bioisostere.add-N_291,CN(C)CCN(CCN(C)C)c1cn(-c2ccc(F)cc2)c2ccc(Cl)cc12,1,bioisostere,add-N,CN1CCN(c2cn(-c3ccc(F)cc3)c3ccc(Cl)cc23)CC1,0 1 2 3 4 5 6 8 11 15 16,c1ccc(-n2cc(N3CCNCC3)c3ccccc32)cc1,train,402.9450000000001,4.352600000000004,0.5562510456419409,28,48
subcategory_bioisostere.add-N_61,O=C(O)/C=C/c1ccc(Cn2ccnc2)cc1,0,authentic,authentic,,,c1ccc(Cn2ccnc2)cc1,train,228.251,2.0292,0.8144535753580314,17,29
subcategory_bioisostere.add-N_206,C[C@H](Cc1ccc(OCc2ccccn2)cc1)N(N)CC(=O)O,1,bioisostere,add-N,C[C@H](Cc1ccc(OCc2ccccn2)cc1)N(C)CC(=O)O,1,c1ccc(OCc2ccccn2)cc1,train,315.3730000000001,1.8518999999999997,0.5707445504321784,23,40
subcategory_bioisostere.add-N_120,Cn1cccc1C1NC(=O)c2cccnc2N1,0,authentic,authentic,,,O=C1NC(c2ccc[nH]2)Nc2ncccc21,val,228.25500000000002,1.2741999999999998,0.7724900272951984,17,26
subcategory_bioisostere.add-N_34,Cc1cc2c(s1)Nc1ccccc1N=C2N1CCN(C)CC1.OCC(F)(F)F.OCC(F)(F)F,0,authentic,authentic,,,c1ccc2c(c1)N=C(N1CCNCC1)c1ccsc1N2,train,512.5200000000002,4.521220000000006,0.4531303579736536,34,57
subcategory_bioisostere.add-N_304,COc1cccc([C@@](O)([C@H](C)CN(C)C)N(C)C)c1,1,bioisostere,add-N,CC[C@@](O)(c1cccc(OC)c1)[C@H](C)CN(C)C,1 2 3,c1ccccc1,train,266.38499999999993,1.5996,0.7934775384482886,19,41
subcategory_bioisostere.add-N_35,CCC1=C(C)CN(NC(=O)CCc2ccc(S(=O)(=O)NC(=O)NC3CCC(C)CC3)cc2)C1=O.Cl,0,authentic,authentic,,,O=C(CCc1ccc(S(=O)(=O)NC(=O)NC2CCCCC2)cc1)NN1CC=CC1=O,train,527.0870000000003,3.207500000000002,0.479437979166262,35,65
subcategory_bioisostere.add-N_95,COc1ccc(S(=O)(=O)Oc2ccc(Cl)cc2CN(C(=O)c2cccc(F)c2)C(C)C)cc1,0,authentic,authentic,,,O=C(NCc1ccccc1OS(=O)(=O)c1ccccc1)c1ccccc1,train,491.96800000000025,5.306200000000005,0.3993572915630427,33,59
