counterfeit_smiles,parent_smiles,size_tier,parent_mw,counterfeit_mw,category,similarity_to_parent,qed,sa_score,n_edited_atoms,edited_atoms
CC(c1ccccc1)N(C(=O)c1cnccn1)c1ccc(S(=O)(=O)N2CCCCC2)cc1,O=C(NC1CCCCC1)C(c1ccccc1)N(C(=O)c1cnccn1)c1ccc(S(=O)(=O)N2CCCCC2)cc1,large,561.7,450.6,evolved-large,0.606,0.566,2.79,0,
O=C(c1cnccn1)N(c1ccc(S(=O)(=O)N2CCCCC2)cc1)C(CO)c1ccccc1,O=C(NC1CCCCC1)C(c1ccccc1)N(C(=O)c1cnccn1)c1ccc(S(=O)(=O)N2CCCCC2)cc1,large,561.7,466.6,evolved-large,0.594,0.574,2.92,1,26
O=C(c1cnccn1)N(c1ccc(S(=O)(=O)N2CCCCC2)cc1)C(c1ccccc1)c1ccccc1,O=C(NC1CCCCC1)C(c1ccccc1)N(C(=O)c1cnccn1)c1ccc(S(=O)(=O)N2CCCCC2)cc1,large,561.7,512.6,evolved-large,0.625,0.345,2.49,6,31 32 33 34 35 36
Cc1ccc2c(c1)CCn1c(C)c(COC(=O)NC(=O)NC3CCCCC3)c(C)c1-2,COc1ccc2c(c1)CCn1c(C)c(COC(=O)NC(=O)NC3CCCCC3)c(COC(=O)NC(=O)NC3CCCCC3)c1-2,large,609.7,409.5,evolved-large,0.583,0.757,2.73,1,0
Oc1ccc(C(c2ccc(O)cc2)n2cncn2)cc1,N#Cc1ccc(C(c2ccc(C#N)cc2)n2cncn2)cc1.N#Cc1ccc(C(c2ccc(C#N)cc2)n2cncn2)cc1,large,570.6,267.3,evolved-large,0.578,0.764,2.25,2,0 10
N#Cc1ccc(C(c2ccc(O)cc2)n2cncn2)cc1,N#Cc1ccc(C(c2ccc(C#N)cc2)n2cncn2)cc1.N#Cc1ccc(C(c2ccc(C#N)cc2)n2cncn2)cc1,large,570.6,276.3,evolved-large,0.822,0.797,2.73,1,11
C[C@H]1CCc2cccc3c2N(C1=O)[C@H](C(=O)N[C@@H](CO)C(=O)c1nc2ccccc2s1)C3,CC[C@H](C)[C@@H](C(=O)N[C@H]1CCc2cccc3c2N(C1=O)[C@H](C(=O)N[C@@H](CC(=O)O)C(=O)c1nc2ccccc2s1)C3)N(C)C(C)=O,large,647.8,449.5,evolved-large,0.554,0.583,3.7,2,0 19
CCN(C[C@H]1CN(c2ccc(N3CCOCC3=O)cc2F)C(=O)O1)C(=O)c1ccc(N)s1,CCCC(=O)N(C)CC(=O)N(C[C@H]1CN(c2ccc(N3CCOCC3=O)cc2F)C(=O)O1)C(=O)c1ccc(Cl)s1,large,595.0,462.5,evolved-large,0.588,0.706,3.4,1,30
Cc1cc(N2CCOCC2=O)ccc1N1C[C@H](CN(C)C(=O)c2ccc(Cl)s2)OC1=O,CCCC(=O)N(C)CC(=O)N(C[C@H]1CN(c2ccc(N3CCOCC3=O)cc2F)C(=O)O1)C(=O)c1ccc(Cl)s1,large,595.0,463.9,evolved-large,0.595,0.68,3.23,1,0
COc1ccc(-c2nn(CC(O)CN3CCC(n4c(=O)n(C(C)C)c5ccccc54)CC3)c3c2CN(C)CC3)cc1,CC(=O)N1CCc2c(c(-c3ccc(Cl)c(C)c3)nn2CC(O)CN2CCC(n3c(=O)n(C(C)C)c4ccccc43)CC2)C1,large,605.2,558.7,evolved-large,0.592,0.353,3.36,2,0 1
O=C(N[C@H](Cc1ccc(Cl)cc1)C(=O)N1CCCCC1)[C@H]1Cc2ccccc2CN1,O=C(N[C@H](Cc1ccc(Cl)cc1)C(=O)N1CCN(c2ccccc2CN2CCN(c3ccccc3)CC2)CC1)[C@H]1Cc2ccccc2CN1,large,677.3,426.0,evolved-large,0.6,0.773,2.95,1,17
COc1ccc(-n2nc(Sc3ccc(Cl)cc3)cc(CC[C@@H](C)N(C)C)c2=O)cc1,COc1ccc(-n2nc(Sc3ccc(Cl)cc3)cc(CC[C@@H](C)NC(=O)[C@H]3CCNC[C@@H]3c3ccc(Cl)cc3)c2=O)cc1,large,637.6,444.0,evolved-large,0.559,0.494,2.99,1,25
Cc1ccc(C[C@@H](NC(=O)[C@H]2Cc3ccccc3CN2)C(=O)N2CCN(c3ccccc3C)CC2)cc1,CC(NC1CCC(N)CC1)c1ccccc1N1CCN(C(=O)[C@@H](Cc2ccc(Cl)cc2)NC(=O)[C@H]2Cc3ccccc3CN2)CC1,large,643.3,496.7,evolved-large,0.595,0.549,3.08,1,0
Cc1cc(NC(=O)CN2CCCCC2)cc(Nc2ccnc3cc(Cl)ccc23)c1,CN1CCN(CCCCC(=O)OCc2cc(NC(=O)CN3CCCCC3)cc(Nc3ccnc4cc(Cl)ccc34)c2)CC1,large,607.2,408.9,evolved-large,0.605,0.596,2.17,0,
COc1cc(C(=O)N2CCN(C)C(COC(=O)N3CCCCC3)C2)cc(C(=O)O)c1OC,COc1cc(C(=O)N2CCN(C(=O)c3cc(OC)c(OC)c(OC)c3)C(COC(=O)N3CCCCC3)C2)cc(OC)c1OC,large,615.7,449.5,evolved-large,0.567,0.7,2.94,3,26 27 28
COc1cc(C(=O)N2CCN(C)C(COC(=O)N3CCCCC3)C2)cc(OC)c1OC,COc1cc(C(=O)N2CCN(C(=O)c3cc(OC)c(OC)c(OC)c3)C(COC(=O)N3CCCCC3)C2)cc(OC)c1OC,large,615.7,435.5,evolved-large,0.696,0.677,2.83,0,
COc1ccc(C(=O)NCC2(N3CCN(C(=O)[C@H](C)Cc4ccc(Cl)cc4Cl)CC3)CCCCC2)cc1,CC(C)(C)c1ccc(C(=O)NCC2(N3CCN(C(=O)[C@@H](Cc4ccc(Cl)cc4Cl)NC(=O)CCN)CC3)CCCCC2)cc1,large,644.7,546.5,evolved-large,0.577,0.478,3.02,3,0 1 18
NCCC(=O)N[C@H](Cc1ccc(Cl)cc1Cl)C(=O)N1CCN(C2(C3CCCCC3)CCCCC2)CC1,CC(C)(C)c1ccc(C(=O)NCC2(N3CCN(C(=O)[C@@H](Cc4ccc(Cl)cc4Cl)NC(=O)CCN)CC3)CCCCC2)cc1,large,644.7,537.6,evolved-large,0.559,0.5,3.27,6,23 24 25 26 27 28
COc1ccc(-n2nc(C(F)(F)F)c3c2C(=O)N(c2ccccc2)CC3)cc1,COc1ccc(-n2nc(C(F)(F)F)c3c2C(=O)N(c2ccc(N(C)C(=O)CN[C@H](C)CO)cc2)CC3)cc1.O=C(O)C(F)(F)F,large,645.6,387.4,evolved-large,0.604,0.68,2.31,0,
Cc1ccccc1CN(C)C(=O)[C@@H](C)NC(=O)CCC(NC(=O)c1cc(Cl)cc(Cl)c1)C(=O)N1CCC2(CCCC2)CC1,CN(Cc1ccccc1)C(=O)[C@@H](CC(=O)O)NC(=O)CCC(NC(=O)c1cc(Cl)cc(Cl)c1)C(=O)N1CCC2(CCCC2)CC1,large,659.6,629.6,evolved-large,0.614,0.362,3.93,1,0
CN(Cc1ccccc1)C(=O)[C@@H](CC(=O)O)NC(=O)CCC(Cc1ccccc1)NC(=O)c1cc(Cl)cc(Cl)c1,CN(Cc1ccccc1)C(=O)[C@@H](CC(=O)O)NC(=O)CCC(NC(=O)c1cc(Cl)cc(Cl)c1)C(=O)N1CCC2(CCCC2)CC1,large,659.6,584.5,evolved-large,0.575,0.269,3.15,6,23 24 25 26 27 28
CN(Cc1ccccc1)C(=O)[C@@H](CC(=O)O)NC(=O)CCC(NCc1ccccc1)C(=O)N1CCC2(CCCC2)CC1,CN(Cc1ccccc1)C(=O)[C@@H](CC(=O)O)NC(=O)CCC(NC(=O)c1cc(Cl)cc(Cl)c1)C(=O)N1CCC2(CCCC2)CC1,large,659.6,576.7,evolved-large,0.692,0.335,3.81,0,
CC(Cc1ccccc1)NC(=O)[C@@H]1CCCN1C(=O)[C@@H](NC(=O)OC(C)(C)C)C(C)C,CC(C)[C@H](NC(=O)OC(C)(C)C)C(=O)N1CCC[C@H]1C(=O)NC(Cc1ccccc1)C(=O)C(F)(F)C(=O)NCCC(=O)O,large,610.7,431.6,evolved-large,0.624,0.694,3.08,0,
CC(C)[C@H](NC(=O)OC(C)(C)C)C(=O)N1CCC[C@H]1C(=O)NC(Cc1ccccc1)Cc1ccccc1,CC(C)[C@H](NC(=O)OC(C)(C)C)C(=O)N1CCC[C@H]1C(=O)NC(Cc1ccccc1)C(=O)C(F)(F)C(=O)NCCC(=O)O,large,610.7,507.7,evolved-large,0.612,0.523,3.02,6,31 32 33 34 35 36
COc1ccc(S(=O)(=O)N2c3ccc(Cl)cc3[C@@](C)(O)[C@@H]2C(=O)N2CCC[C@H]2C(N)=O)cc1C,COc1ccc(S(=O)(=O)N2c3ccc(Cl)cc3[C@](O)(c3ccccc3Cl)[C@@H]2C(=O)N2CCC[C@H]2C(N)=O)cc1OC,large,620.5,508.0,evolved-large,0.586,0.635,3.67,2,18 33
COc1ccc(S(=O)(=O)N2c3ccc(Cl)cc3[C@](O)(c3ccccc3Cl)[C@@H]2C)cc1OC,COc1ccc(S(=O)(=O)N2c3ccc(Cl)cc3[C@](O)(c3ccccc3Cl)[C@@H]2C(=O)N2CCC[C@H]2C(N)=O)cc1OC,large,620.5,494.4,evolved-large,0.581,0.549,3.27,0,
COc1cc(C)ccc1Cc1cn(C)c2ccc(C(=O)NCC(C)=CF)cc12,COc1cc(C(=O)NS(=O)(=O)c2ccccc2C)ccc1Cc1cn(C)c2ccc(C(=O)NC/C(C)=C\C(F)(F)F)cc12,large,613.7,380.5,evolved-large,0.554,0.674,2.61,1,25
COc1cc(C(=O)NS(=O)(=O)c2ccccc2C)ccc1Cc1cn(C)c2ccc(C)cc12,COc1cc(C(=O)NS(=O)(=O)c2ccccc2C)ccc1Cc1cn(C)c2ccc(C(=O)NC/C(C)=C\C(F)(F)F)cc12,large,613.7,462.6,evolved-large,0.67,0.457,2.37,0,
COc1cc(C(=O)N2CCN(C(=O)c3cc(OC)c(OC)c(OC)c3)C(COC(=O)NC(C)=O)C2)cc(OC)c1OC,COc1cc(C(=O)N2CCN(C(=O)c3cc(OC)c(OC)c(OC)c3)C(COC(=O)NC(C)C(C)(C)C)C2)cc(OC)c1OC,large,631.7,589.6,evolved-large,0.704,0.433,3.15,1,33
COc1cc(C(=O)N2CCN(C(=O)c3cc(OC)c(OC)c(OC)c3)C(COCC(=O)O)C2)cc(OC)c1OC,COc1cc(C(=O)N2CCN(C(=O)c3cc(OC)c(OC)c(OC)c3)C(COC(=O)NC(C)C(C)(C)C)C2)cc(OC)c1OC,large,631.7,562.6,evolved-large,0.595,0.405,3.05,3,29 30 31
O=C(c1ccc2oc(CO)cc2c1)N1CCC(N2C(=O)OCc3ccccc32)CC1,O=C(Cn1ccc(N2CCOCC2)nc1=O)NCc1cc2cc(C(=O)N3CCC(N4C(=O)OCc5ccccc54)CC3)ccc2o1,large,626.7,406.4,evolved-large,0.593,0.717,2.55,1,9
CCCOc1ccc(S(=O)(=O)NC)cc1-c1cc2c(CCC)nn(C)c2c(=O)[nH]1,CCCOc1ccc(S(=O)(=O)N(CCOCCO)CCN2CCOCC2)cc1-c1cc2c(CCC)nn(C)c2c(=O)[nH]1,large,605.8,418.5,evolved-large,0.559,0.585,2.72,0,
COC(=O)c1c(C(=O)N2CCN(CCO)CC2)cc2cc(C)c(OC)cc2c1-c1cc(C)c(C)c(OC)c1,COC(=O)c1c(C(=O)N2CCN(CCO)CC2)cc2cc(OC)c(OC)cc2c1-c1cc(Br)c(OC)c(OC)c1,large,617.5,520.6,evolved-large,0.583,0.472,2.66,3,21 31 33
CCc1nc(C(C)(C)O)c(C(=O)O)n1Cc1ccc(-c2ccccc2)c(-c2nnn(Cl)n2)c1,CCCc1nc(C(C)(C)O)c(C(=O)O)n1Cc1ccc(-c2ccccc2)c(-c2nnn(C(C)(C)c3ccccc3)n2)c1,large,564.7,466.9,evolved-large,0.592,0.425,2.96,1,30
CCCCn1nnc(-c2cc(Cn3c(CC)nc(C(C)(C)O)c3C(=O)O)ccc2-c2ccccc2)n1,CCCc1nc(C(C)(C)O)c(C(=O)O)n1Cc1ccc(-c2ccccc2)c(-c2nnn(C(C)(C)c3ccccc3)n2)c1,large,564.7,488.6,evolved-large,0.569,0.336,2.81,2,0 1
CCc1nc(C(C)(C)O)c(C(=O)O)n1Cc1ccc(-c2ccccc2)c(-c2nnn(-c3ccccc3)n2)c1,CCCc1nc(C(C)(C)O)c(C(=O)O)n1Cc1ccc(-c2ccccc2)c(-c2nnn(C(C)(C)c3ccccc3)n2)c1,large,564.7,508.6,evolved-large,0.57,0.311,2.78,6,30 31 32 33 34 35
CO[C@H](Cc1ccc(Cl)cc1Cl)C(=O)N1CCN(c2ncccc2CNC(=O)Cc2cccs2)CC1,COc1ccc(CC(=O)NCc2cccnc2N2CCN(C(=O)[C@@H](Cc3ccc(Cl)cc3Cl)NC(=O)CCN)CC2)cc1,large,627.6,547.5,evolved-large,0.553,0.435,3.06,3,0 1 33
CO[C@H](Cc1ccc(Cl)cc1Cl)C(=O)N1CCN(c2ncccc2CNC(=O)Cc2ccccc2Cl)CC1,COc1ccc(CC(=O)NCc2cccnc2N2CCN(C(=O)[C@@H](Cc3ccc(Cl)cc3Cl)NC(=O)CCN)CC2)cc1,large,627.6,575.9,evolved-large,0.576,0.397,3.01,3,0 1 35
NCCC(=O)N[C@H](Cc1ccccc1)C(=O)N1CCN(c2ncccc2CNC(=O)Cc2ccc(Cl)cc2)CC1,COc1ccc(CC(=O)NCc2cccnc2N2CCN(C(=O)[C@@H](Cc3ccc(Cl)cc3Cl)NC(=O)CCN)CC2)cc1,large,627.6,563.1,evolved-large,0.67,0.33,2.87,1,35
COc1ccc([C@H](Cc2ccccc2)C(=O)N2CCN(c3ncccc3CNC(=O)Cc3ccc(Cl)cc3)CC2)cc1,COc1ccc(CC(=O)NCc2cccnc2N2CCN(C(=O)[C@@H](Cc3ccc(Cl)cc3Cl)NC(=O)CCN)CC2)cc1,large,627.6,583.1,evolved-large,0.574,0.275,2.86,9,0 1 2 3 4 5 35 40 41
CCN[C@H](C(=O)C1C[C@H](Oc2nccc3ccccc23)C[C@H]1C(=O)CC1(CC2(C(=O)O)CC2)CC1)C(C)C,CC(=O)N[C@H](C(=O)N[C@H](C(=O)C1C[C@H](Oc2nccc3ccccc23)C[C@H]1C(=O)CC1(C(=O)O)CC1)C(C)C)C1CCCCC1,large,619.8,520.7,evolved-large,0.571,0.374,4.44,6,27 28 29 30 31 32
Cc1ccc(S(=O)(=O)N(C[C@@H](O)[C@H](Cc2ccccc2)NC(=O)[C@H](C(C)C2CCCC2)N2CCN(Cc3csc(C)n3)C2=O)C(C)C)cc1,Cc1nc(CN2CCN([C@H](C(=O)N[C@@H](Cc3ccccc3)[C@H](O)CN(CC(C)C)S(=O)(=O)c3ccc(C=O)cc3)C(C)C)C2=O)cs1,large,683.9,710.0,evolved-large,0.561,0.219,4.26,6,26 27 28 29 30 46
CCCN(C[C@@H](O)[C@H](Cc1ccccc1)NC(=O)[C@H](C(O)C1CCCC1)N1CCN(Cc2csc(C)n2)C1=O)S(=O)(=O)c1ccc(OC)cc1,Cc1nc(CN2CCN([C@H](C(=O)N[C@@H](Cc3ccccc3)[C@H](O)CN(CC(C)C)S(=O)(=O)c3ccc(C=O)cc3)C(C)C)C2=O)cs1,large,683.9,728.0,evolved-large,0.569,0.19,4.23,8,20 21 22 23 24 25 46 47
COc1ccc(S(=O)(=O)N(CC(C)C)C[C@@H](O)[C@H](Cc2ccccc2)NC(=O)[C@H](C(C)C2CCCC2)N2CCN(Cc3csc(C)n3)C2=O)cc1,Cc1nc(CN2CCN([C@H](C(=O)N[C@@H](Cc3ccccc3)[C@H](O)CN(CC(C)C)S(=O)(=O)c3ccc(C=O)cc3)C(C)C)C2=O)cs1,large,683.9,740.0,evolved-large,0.684,0.191,4.25,7,0 1 31 32 33 34 35
Cc1nn(C)c2c(=O)[nH]c(-c3cc(S(=O)(=O)N(CCCO)Cc4ccccc4)ccc3Oc3ccccc3)cc12,CCCOc1ccc(S(=O)(=O)N(CCCO)Cc2ccccc2)cc1-c1cc2c(CCC)nn(C)c2c(=O)[nH]1,large,552.7,558.7,evolved-large,0.592,0.259,2.73,6,32 33 34 35 36 37
CCCOc1ccc(CN(CC2CC2)S(=O)(=O)c2ccccc2)cc1-c1cc2c(CCC)nn(C)c2c(=O)[nH]1,CCCOc1ccc(S(=O)(=O)N(CCCO)Cc2ccccc2)cc1-c1cc2c(CCC)nn(C)c2c(=O)[nH]1,large,552.7,548.7,evolved-large,0.585,0.26,2.85,15,8 9 10 11 12 13 14 15 16 17 18 19 20 21 22
Cc1ccc(CCC2(C3CCCC3)CC(=O)C(Sc3ccccc3NS(=O)(=O)c3ccccc3)=C(O)O2)cc1,Cc1cc(SC2=C(O)OC(CCc3ccc(O)cc3)(C3CCCC3)CC2=O)c(C(C)(C)C)cc1NS(=O)(=O)c1ccccc1,large,635.8,563.7,evolved-large,0.617,0.287,3.36,11,0 24 25 26 27 28 29 30 31 32 33
COC1CCCn2c1nc(C)c(CCN1CCC(c3noc4cc(F)ccc34)CC1)c2=O,Cc1nc2n(c(=O)c1CCN1CCC(c3noc4cc(F)ccc34)CC1)CCCC2OCCCNC(=O)CCN1C(=O)C=CC1=O,large,634.7,440.5,evolved-large,0.643,0.602,3.38,0,
